ride_id,rideable_type,started_at,ended_at,start_station_name,start_station_id,end_station_name,end_station_id,start_lat,start_lng,end_lat,end_lng,member_casual
DA957FB9DD263999,classic_bike,2021-07-13 17:54:13,2021-07-13 18:01:43,W 44 St & 5 Ave,6551.02,Grand Army Plaza & Central Park S,6839.10,40.75500254,-73.98014437,40.7643971,-73.97371465,member
C75D9D5CC9FB5EC5,classic_bike,2021-07-16 20:24:35,2021-07-16 20:30:00,Broadway & W 29 St,6289.06,W 47 St & 6 Ave,6667.04,40.7462009,-73.98855723,40.758397,-73.98255,member
AF0060182DF34676,classic_bike,2021-07-13 07:31:43,2021-07-13 07:38:51,8 Ave & W 31 St,6450.05,W 16 St & The High Line,6233.05,40.7505853470215,-73.9946848154068,40.74334935,-74.00681753,member
A019BDEFAE41F736,classic_bike,2021-07-02 07:51:57,2021-07-02 08:00:47,8 Ave & W 31 St,6450.05,W 16 St & The High Line,6233.05,40.7505853470215,-73.9946848154068,40.74334935,-74.00681753,member
E34E07EA086118FC,classic_bike,2021-07-27 16:11:52,2021-07-27 16:20:02,West End Ave & W 60 St,7059.08,Grand Army Plaza & Central Park S,6839.10,40.77237,-73.99005,40.7643971,-73.97371465,casual
B044542FEB234F6C,classic_bike,2021-07-24 08:54:05,2021-07-24 09:05:01,S Portland Ave & Hanson Pl,4354.05,Clinton St & Joralemon St,4605.04,40.68539567,-73.97431458,40.69239502,-73.99337909,member
1A2B14AA05CB11B3,classic_bike,2021-07-19 23:17:35,2021-07-19 23:18:24,W 15 St & 10 Ave,6115.09,W 16 St & The High Line,6233.05,40.742753828659026,-74.00747358798981,40.74334935,-74.00681753,member
8820D9B131217B29,classic_bike,2021-07-14 08:41:23,2021-07-14 08:49:47,8 Ave & W 31 St,6450.05,W 47 St & 6 Ave,6667.04,40.7505853470215,-73.9946848154068,40.758397,-73.98255,member
F45A448F73363EA9,classic_bike,2021-07-15 23:38:50,2021-07-15 23:51:11,W 15 St & 10 Ave,6115.09,MacDougal St & Prince St,5687.04,40.742753828659026,-74.00747358798981,40.72710258,-74.00297088,member
9D68885AAF7EE614,classic_bike,2021-07-14 08:34:54,2021-07-14 09:00:24,West End Ave & W 60 St,7059.08,1 Ave & E 18 St,5854.09,40.77237,-73.99005,40.733812191966315,-73.98054420948029,member
1A0E1BD13A7B41A7,classic_bike,2021-07-05 11:32:41,2021-07-05 11:57:37,West End Ave & W 60 St,7059.08,1 Ave & E 18 St,5854.09,40.77237,-73.99005,40.733812191966315,-73.98054420948029,member
5176BBDB0C12FFEF,classic_bike,2021-07-11 20:30:27,2021-07-11 20:45:34,8 Ave & W 31 St,6450.05,1 Ave & E 18 St,5854.09,40.7505853470215,-73.9946848154068,40.733812191966315,-73.98054420948029,member
63F53BE3018A38B5,classic_bike,2021-07-29 00:57:50,2021-07-29 01:02:51,S Portland Ave & Hanson Pl,4354.05,Prospect Pl & 6 Ave,4166.08,40.68539567,-73.97431458,40.6793307,-73.97519523,casual
91A805AEC6D842E9,classic_bike,2021-07-13 10:07:20,2021-07-13 10:12:04,Alexander Ave & E 134 St,7712.04,Courtlandt Ave & E 149 St,7840.05,40.807466,-73.927107,40.816402,-73.919549,member
60D78F16E15ECC10,classic_bike,2021-07-24 18:59:28,2021-07-24 19:00:47,W 15 St & 10 Ave,6115.09,W 16 St & The High Line,6233.05,40.742753828659026,-74.00747358798981,40.74334935,-74.00681753,member
6DC2A6710DA16EF9,classic_bike,2021-07-30 10:18:25,2021-07-30 10:34:27,West End Ave & W 60 St,7059.08,W 16 St & The High Line,6233.05,40.77237,-73.99005,40.74334935,-74.00681753,member
CA5A758511582A91,classic_bike,2021-07-24 20:07:28,2021-07-24 20:36:32,West End Ave & W 60 St,7059.08,MacDougal St & Prince St,5687.04,40.77237,-73.99005,40.72710258,-74.00297088,member
9E331F69363987E6,classic_bike,2021-07-19 18:13:53,2021-07-19 18:14:59,W 15 St & 10 Ave,6115.09,W 16 St & The High Line,6233.05,40.742753828659026,-74.00747358798981,40.74334935,-74.00681753,member
A5729A286FC2048B,classic_bike,2021-07-02 11:17:43,2021-07-02 11:25:33,West End Ave & W 60 St,7059.08,Grand Army Plaza & Central Park S,6839.10,40.77237,-73.99005,40.7643971,-73.97371465,member
47002E36D2EF1A84,classic_bike,2021-07-15 23:39:38,2021-07-15 23:51:33,W 15 St & 10 Ave,6115.09,MacDougal St & Prince St,5687.04,40.742753828659026,-74.00747358798981,40.72710258,-74.00297088,casual
ABC9041AA298BB02,classic_bike,2021-07-20 17:33:04,2021-07-20 17:40:17,West End Ave & W 60 St,7059.08,Grand Army Plaza & Central Park S,6839.10,40.77237,-73.99005,40.7643971,-73.97371465,casual
3EFA08DA47BC35ED,classic_bike,2021-07-04 15:17:57,2021-07-04 15:54:14,W 15 St & 10 Ave,6115.09,W 16 St & The High Line,6233.05,40.742753828659026,-74.00747358798981,40.74334935,-74.00681753,casual
0EF0944F5ECB83D2,classic_bike,2021-07-31 14:05:44,2021-07-31 14:50:08,W 15 St & 10 Ave,6115.09,W 16 St & The High Line,6233.05,40.742753828659026,-74.00747358798981,40.74334935,-74.00681753,casual
835B50A10FE56761,classic_bike,2021-07-12 21:30:18,2021-07-12 22:50:26,W 15 St & 10 Ave,6115.09,W 16 St & The High Line,6233.05,40.742753828659026,-74.00747358798981,40.74334935,-74.00681753,casual
E6DED0BDC656EFB3,classic_bike,2021-07-17 16:55:30,2021-07-17 17:00:51,S Portland Ave & Hanson Pl,4354.05,Baltic St & 5 Ave,4208.11,40.68539567,-73.97431458,40.6795766,-73.97854971,member
A564AE23B162CFC1,classic_bike,2021-07-02 18:26:13,2021-07-02 18:38:41,W 84 St & Broadway,7409.08,Grand Army Plaza & Central Park S,6839.10,40.7867947,-73.977112,40.7643971,-73.97371465,member
80C8F0D1C237CB9F,classic_bike,2021-07-24 02:38:15,2021-07-24 02:49:29,E 7 St & Avenue A,5626.07,MacDougal St & Prince St,5687.04,40.72621788,-73.98379855,40.72710258,-74.00297088,member
8294838A7FA47FC2,classic_bike,2021-07-07 14:20:27,2021-07-07 14:22:42,E 7 St & Avenue A,5626.07,E 11 St & Avenue B,5659.11,40.72621788,-73.98379855,40.72746420692392,-73.97950418293476,member
D291329A204CBE0D,classic_bike,2021-07-06 17:52:17,2021-07-06 17:57:16,E 7 St & Avenue A,5626.07,1 Ave & E 18 St,5854.09,40.72621788,-73.98379855,40.733812191966315,-73.98054420948029,member
FF8A50942A7BC63B,classic_bike,2021-07-09 19:26:26,2021-07-09 19:32:39,E 7 St & Avenue A,5626.07,1 Ave & E 18 St,5854.09,40.72621788,-73.98379855,40.733812191966315,-73.98054420948029,member
999E34CA7D4ED2D2,classic_bike,2021-07-24 20:23:57,2021-07-24 20:37:03,E 7 St & Avenue A,5626.07,MacDougal St & Prince St,5687.04,40.72621788,-73.98379855,40.72710258,-74.00297088,member
DFFDF20152FA4970,classic_bike,2021-07-28 14:04:04,2021-07-28 14:20:24,W 84 St & Broadway,7409.08,W 47 St & 6 Ave,6667.04,40.7867947,-73.977112,40.758397,-73.98255,member
B70FD6DE90F80F35,classic_bike,2021-07-14 14:32:03,2021-07-14 14:50:09,W 84 St & Broadway,7409.08,W 47 St & 6 Ave,6667.04,40.7867947,-73.977112,40.758397,-73.98255,member
28EF2629E9537C8B,classic_bike,2021-07-04 18:43:29,2021-07-04 18:56:10,Bond St & Fulton St,4479.06,Baltic St & 5 Ave,4208.11,40.68962188790333,-73.98304268717766,40.6795766,-73.97854971,casual
D4ADA89A68430CF7,classic_bike,2021-07-11 19:32:24,2021-07-11 19:46:01,Bond St & Fulton St,4479.06,Baltic St & 5 Ave,4208.11,40.68962188790333,-73.98304268717766,40.6795766,-73.97854971,casual
18DAB4F6E2BF699B,classic_bike,2021-07-03 16:25:31,2021-07-03 16:39:55,E 7 St & Avenue A,5626.07,MacDougal St & Prince St,5687.04,40.72621788,-73.98379855,40.72710258,-74.00297088,casual
3B3238B2353C9CB9,classic_bike,2021-07-30 09:43:53,2021-07-30 10:00:55,W 84 St & Broadway,7409.08,Grand Army Plaza & Central Park S,6839.10,40.7867947,-73.977112,40.7643971,-73.97371465,member
F2506A0F8593022D,classic_bike,2021-07-20 20:19:01,2021-07-20 20:23:28,E 7 St & Avenue A,5626.07,E 11 St & Avenue B,5659.11,40.72621788,-73.98379855,40.72746420692392,-73.97950418293476,member
48663078C3359794,classic_bike,2021-07-23 11:16:56,2021-07-23 11:25:51,Bond St & Fulton St,4479.06,Baltic St & 5 Ave,4208.11,40.68962188790333,-73.98304268717766,40.6795766,-73.97854971,member
3EFD8EFDA2CFB70C,classic_bike,2021-07-29 14:39:08,2021-07-29 15:08:06,Central Ave & Melrose St,4832.07,Prospect Pl & 6 Ave,4166.08,40.70112,-73.93039,40.6793307,-73.97519523,member
44DDD82139F700AB,classic_bike,2021-07-12 21:05:59,2021-07-12 21:29:59,E 7 St & Avenue A,5626.07,Nassau Ave & Russell St,5581.01,40.72621788,-73.98379855,40.72557,-73.94434,member
B9B30C5E9352546C,classic_bike,2021-07-09 17:57:31,2021-07-09 18:21:49,Bond St & Fulton St,4479.06,Pioneer St & Van Brunt St,4169.04,40.68962188790333,-73.98304268717766,40.679043,-74.011169,member
363AE2CA6191BE1D,classic_bike,2021-07-10 18:07:07,2021-07-10 18:18:20,Bond St & Fulton St,4479.06,Baltic St & 5 Ave,4208.11,40.68962188790333,-73.98304268717766,40.6795766,-73.97854971,member
F4AF1107FC5EEF69,classic_bike,2021-07-04 17:58:06,2021-07-04 18:08:12,Bond St & Fulton St,4479.06,Baltic St & 5 Ave,4208.11,40.68962188790333,-73.98304268717766,40.6795766,-73.97854971,casual
D2529024A546E3DC,classic_bike,2021-07-21 08:20:38,2021-07-21 08:38:42,W 100 St & Manhattan Ave,7538.14,Grand Army Plaza & Central Park S,6839.10,40.795,-73.9645,40.7643971,-73.97371465,member
27C0C7D24C9DFD1A,classic_bike,2021-07-27 11:25:39,2021-07-27 11:31:01,Bond St & Fulton St,4479.06,Clinton St & Joralemon St,4605.04,40.68962188790333,-73.98304268717766,40.69239502,-73.99337909,member
C2E439C2BE0FE06F,classic_bike,2021-07-23 16:35:58,2021-07-23 17:02:49,Bond St & Fulton St,4479.06,Monroe St & Tompkins Ave,4434.06,40.68962188790333,-73.98304268717766,40.686203,-73.944694,member
133A33B30DA0FADD,classic_bike,2021-07-13 08:26:27,2021-07-13 08:41:46,W 100 St & Manhattan Ave,7538.14,Grand Army Plaza & Central Park S,6839.10,40.795,-73.9645,40.7643971,-73.97371465,member
8A188F254BB9A88A,classic_bike,2021-07-25 11:18:54,2021-07-25 11:29:03,E 7 St & Avenue A,5626.07,MacDougal St & Prince St,5687.04,40.72621788,-73.98379855,40.72710258,-74.00297088,member
167914CE27E070DA,classic_bike,2021-07-16 16:43:19,2021-07-16 16:55:37,E 7 St & Avenue A,5626.07,W 16 St & The High Line,6233.05,40.72621788,-73.98379855,40.74334935,-74.00681753,member
7072BC3A954A02D4,classic_bike,2021-07-12 10:32:41,2021-07-12 10:34:59,E 7 St & Avenue A,5626.07,E 11 St & Avenue B,5659.11,40.72621788,-73.98379855,40.72746420692392,-73.97950418293476,member
79613838E4C795FA,classic_bike,2021-07-15 08:20:51,2021-07-15 08:39:35,W 84 St & Broadway,7409.08,Grand Army Plaza & Central Park S,6839.10,40.7867947,-73.977112,40.7643971,-73.97371465,member
02AD1304BB594277,classic_bike,2021-07-28 08:37:53,2021-07-28 08:41:39,E 7 St & Avenue A,5626.07,1 Ave & E 18 St,5854.09,40.72621788,-73.98379855,40.733812191966315,-73.98054420948029,member
3989B3093E56DFC7,classic_bike,2021-07-08 03:25:43,2021-07-08 03:39:18,E 7 St & Avenue A,5626.07,E 11 St & Avenue B,5659.11,40.72621788,-73.98379855,40.72746420692392,-73.97950418293476,member
28C9B346B9AB488A,classic_bike,2021-07-17 10:27:08,2021-07-17 10:41:45,W 84 St & Broadway,7409.08,Grand Army Plaza & Central Park S,6839.10,40.7867947,-73.977112,40.7643971,-73.97371465,member
042B9C8138E36469,classic_bike,2021-07-18 11:29:51,2021-07-18 11:46:17,W 100 St & Manhattan Ave,7538.14,Grand Army Plaza & Central Park S,6839.10,40.795,-73.9645,40.7643971,-73.97371465,member
3461102FD744A7B4,classic_bike,2021-07-27 13:33:52,2021-07-27 14:03:04,W 100 St & Manhattan Ave,7538.14,W 47 St & 6 Ave,6667.04,40.795,-73.9645,40.758397,-73.98255,member
C55DC2759FE3D0E4,classic_bike,2021-07-24 18:53:55,2021-07-24 19:05:08,Johnson St & Gold St,4668.08,Baltic St & 5 Ave,4208.11,40.69474881,-73.98362464,40.6795766,-73.97854971,member
323404C447FE3547,classic_bike,2021-07-24 12:39:38,2021-07-24 12:50:57,Johnson St & Gold St,4668.08,Clinton St & Joralemon St,4605.04,40.69474881,-73.98362464,40.69239502,-73.99337909,casual
9499265A007377A8,classic_bike,2021-07-26 18:56:07,2021-07-26 18:59:35,E 7 St & Avenue A,5626.07,1 Ave & E 18 St,5854.09,40.72621788,-73.98379855,40.733812191966315,-73.98054420948029,casual
9CA3FED58F5070EE,classic_bike,2021-07-30 17:52:44,2021-07-30 18:22:23,Bond St & Fulton St,4479.06,George St & Wilson Ave,4906.07,40.68962188790333,-73.98304268717766,40.702997,-73.92997,member
7B944AFF4A12BA78,classic_bike,2021-07-04 17:01:23,2021-07-04 17:06:16,Bond St & Fulton St,4479.06,Clinton St & Joralemon St,4605.04,40.68962188790333,-73.98304268717766,40.69239502,-73.99337909,member
2F588FE07A44B9BC,classic_bike,2021-07-10 12:11:56,2021-07-10 12:16:55,E 7 St & Avenue A,5626.07,1 Ave & E 18 St,5854.09,40.72621788,-73.98379855,40.733812191966315,-73.98054420948029,member
2180AB15D64D4113,classic_bike,2021-07-20 21:46:11,2021-07-20 21:55:38,Bond St & Fulton St,4479.06,Prospect Pl & 6 Ave,4166.08,40.68962188790333,-73.98304268717766,40.6793307,-73.97519523,member
E0BF7330FDFF36DE,classic_bike,2021-07-26 13:13:30,2021-07-26 13:19:36,E 7 St & Avenue A,5626.07,1 Ave & E 18 St,5854.09,40.72621788,-73.98379855,40.733812191966315,-73.98054420948029,member
4325572FFEF069A7,classic_bike,2021-07-01 17:15:16,2021-07-01 17:23:28,Bond St & Fulton St,4479.06,Baltic St & 5 Ave,4208.11,40.68962188790333,-73.98304268717766,40.6795766,-73.97854971,member
4802501B0DF0EB9E,classic_bike,2021-07-08 11:22:07,2021-07-08 11:41:20,Bond St & Fulton St,4479.06,Prospect Pl & 6 Ave,4166.08,40.68962188790333,-73.98304268717766,40.6793307,-73.97519523,member
1A65E5E97D7967FA,classic_bike,2021-07-20 17:05:49,2021-07-20 17:32:20,Lefferts Pl & Franklin Ave,4222.02,Prospect Pl & 6 Ave,4166.08,40.680342423,-73.9557689392,40.6793307,-73.97519523,casual
75EAA218C509E4E1,classic_bike,2021-07-25 18:21:10,2021-07-25 18:25:59,E 7 St & Avenue A,5626.07,1 Ave & E 18 St,5854.09,40.72621788,-73.98379855,40.733812191966315,-73.98054420948029,member
C3E8D6C43EB2D81F,classic_bike,2021-07-27 19:01:19,2021-07-27 19:12:35,E 7 St & Avenue A,5626.07,MacDougal St & Prince St,5687.04,40.72621788,-73.98379855,40.72710258,-74.00297088,member
D959F75B9A426C66,classic_bike,2021-07-18 11:58:15,2021-07-18 12:09:14,Broadway & 51 St,6545.07,34 Ave & 38 St,6638.01,40.754164,-73.908906,40.756913,-73.921631,member
A50E36BAB709D09E,classic_bike,2021-07-13 07:13:11,2021-07-13 07:33:36,W 100 St & Manhattan Ave,7538.14,Grand Army Plaza & Central Park S,6839.10,40.795,-73.9645,40.7643971,-73.97371465,member
E5C684EDEA6D65EA,classic_bike,2021-07-12 07:09:32,2021-07-12 07:29:16,W 100 St & Manhattan Ave,7538.14,Grand Army Plaza & Central Park S,6839.10,40.795,-73.9645,40.7643971,-73.97371465,member
0EE3197265CC96CA,classic_bike,2021-07-18 11:01:58,2021-07-18 11:10:43,Lefferts Pl & Franklin Ave,4222.02,Baltic St & 5 Ave,4208.11,40.680342423,-73.9557689392,40.6795766,-73.97854971,member
EC9D7FAC55505F99,classic_bike,2021-07-29 07:09:57,2021-07-29 07:30:34,W 100 St & Manhattan Ave,7538.14,Grand Army Plaza & Central Park S,6839.10,40.795,-73.9645,40.7643971,-73.97371465,member
7DA44C05872002A2,classic_bike,2021-07-01 07:10:05,2021-07-01 07:29:01,W 100 St & Manhattan Ave,7538.14,Grand Army Plaza & Central Park S,6839.10,40.795,-73.9645,40.7643971,-73.97371465,member
F316344F588123DE,docked_bike,2021-07-27 16:32:24,2021-07-27 17:57:05,W 100 St & Manhattan Ave,7538.14,Grand Army Plaza & Central Park S,6839.10,40.795,-73.9645,40.764397,-73.973715,casual
01DA19FFEFCDC5A9,classic_bike,2021-07-23 08:56:23,2021-07-23 09:02:52,E 7 St & Avenue A,5626.07,1 Ave & E 18 St,5854.09,40.72621788,-73.98379855,40.733812191966315,-73.98054420948029,member
0A650F93A35CA133,classic_bike,2021-07-11 11:17:10,2021-07-11 11:36:31,Bond St & Fulton St,4479.06,MacDougal St & Prince St,5687.04,40.68962188790333,-73.98304268717766,40.72710258,-74.00297088,member
0A2485F7ECB5BD87,classic_bike,2021-07-18 01:27:27,2021-07-18 01:36:40,Johnson St & Gold St,4668.08,Clinton St & Joralemon St,4605.04,40.69474881,-73.98362464,40.69239502,-73.99337909,member
D716B78B24FC73A3,classic_bike,2021-07-08 09:06:58,2021-07-08 09:21:01,W 84 St & Broadway,7409.08,Grand Army Plaza & Central Park S,6839.10,40.7867947,-73.977112,40.7643971,-73.97371465,member
0669FCE9E523B769,classic_bike,2021-07-27 08:57:39,2021-07-27 09:11:53,W 84 St & Broadway,7409.08,Grand Army Plaza & Central Park S,6839.10,40.7867947,-73.977112,40.7643971,-73.97371465,member
EDF84754CCD21456,classic_bike,2021-07-15 08:57:28,2021-07-15 09:11:37,W 84 St & Broadway,7409.08,Grand Army Plaza & Central Park S,6839.10,40.7867947,-73.977112,40.7643971,-73.97371465,member
509FFC65B5E2CD02,classic_bike,2021-07-24 00:56:09,2021-07-24 01:02:26,Bond St & Fulton St,4479.06,Clinton St & Joralemon St,4605.04,40.68962188790333,-73.98304268717766,40.69239502,-73.99337909,member
1F47728D67BADD1C,docked_bike,2021-07-18 10:58:35,2021-07-18 11:04:43,E 7 St & Avenue A,5626.07,1 Ave & E 18 St,5854.09,40.726218,-73.983799,40.733812,-73.980544,casual
1FA611EAB1DB79FD,classic_bike,2021-07-01 08:56:30,2021-07-01 09:07:15,E 7 St & Avenue A,5626.07,W 16 St & The High Line,6233.05,40.72621788,-73.98379855,40.74334935,-74.00681753,casual
5B2D140B5DE23C01,classic_bike,2021-07-07 20:27:17,2021-07-07 20:35:43,Carroll St & 5 Ave,4060.09,Prospect Pl & 6 Ave,4166.08,40.6751622,-73.9814832,40.6793307,-73.97519523,casual
8D85071F3C84165A,classic_bike,2021-07-01 11:56:50,2021-07-01 12:00:13,Carroll St & 5 Ave,4060.09,Baltic St & 5 Ave,4208.11,40.6751622,-73.9814832,40.6795766,-73.97854971,casual
74B4B9EF959D2CFE,classic_bike,2021-07-22 02:15:09,2021-07-22 02:29:11,E 7 St & Avenue A,5626.07,1 Ave & E 18 St,5854.09,40.72621788,-73.98379855,40.733812191966315,-73.98054420948029,casual
1A72FFA67636506B,classic_bike,2021-07-26 22:43:13,2021-07-26 22:58:40,Carroll St & 5 Ave,4060.09,Clinton St & Joralemon St,4605.04,40.6751622,-73.9814832,40.69239502,-73.99337909,casual
691397D20F78FB6F,classic_bike,2021-07-05 16:40:38,2021-07-05 16:57:39,W 100 St & Manhattan Ave,7538.14,W 47 St & 6 Ave,6667.04,40.795,-73.9645,40.758397,-73.98255,casual
9D826FCB6DF69851,classic_bike,2021-07-23 23:08:34,2021-07-23 23:14:07,Johnson St & Gold St,4668.08,Clinton St & Joralemon St,4605.04,40.69474881,-73.98362464,40.69239502,-73.99337909,casual
AFEFF8FA7F7CEE31,classic_bike,2021-07-25 20:01:08,2021-07-25 20:17:41,E 7 St & Avenue A,5626.07,MacDougal St & Prince St,5687.04,40.72621788,-73.98379855,40.72710258,-74.00297088,casual
9B56864C4F191006,classic_bike,2021-07-02 20:12:44,2021-07-02 20:25:46,Bond St & Fulton St,4479.06,Prospect Pl & 6 Ave,4166.08,40.68962188790333,-73.98304268717766,40.6793307,-73.97519523,member
FC7571A966EDB197,classic_bike,2021-07-22 15:23:23,2021-07-22 15:25:26,E 7 St & Avenue A,5626.07,E 11 St & Avenue B,5659.11,40.72621788,-73.98379855,40.72746420692392,-73.97950418293476,member
3CAF8FA6C68FCFC7,classic_bike,2021-07-13 16:52:39,2021-07-13 17:00:50,Bond St & Fulton St,4479.06,Baltic St & 5 Ave,4208.11,40.68962188790333,-73.98304268717766,40.6795766,-73.97854971,member
D681C47676279AD3,classic_bike,2021-07-18 09:53:10,2021-07-18 10:04:25,E 7 St & Avenue A,5626.07,MacDougal St & Prince St,5687.04,40.72621788,-73.98379855,40.72710258,-74.00297088,member
DD0E6A02713C4BB5,classic_bike,2021-07-05 15:03:36,2021-07-05 15:41:53,W 100 St & Manhattan Ave,7538.14,MacDougal St & Prince St,5687.04,40.795,-73.9645,40.72710258,-74.00297088,member
2DC455EBE388DB4A,classic_bike,2021-07-02 10:32:41,2021-07-02 10:40:13,8 Ave & W 31 St,6450.05,W 16 St & The High Line,6233.05,40.7505853470215,-73.9946848154068,40.74334935,-74.00681753,member
5804B783C4915EDE,classic_bike,2021-07-22 11:13:26,2021-07-22 11:27:33,West End Ave & W 60 St,7059.08,W 47 St & 6 Ave,6667.04,40.77237,-73.99005,40.758397,-73.98255,member
3C6554C6C87783E3,classic_bike,2021-07-07 17:49:55,2021-07-07 18:35:39,West End Ave & W 60 St,7059.08,W 16 St & The High Line,6233.05,40.77237,-73.99005,40.74334935,-74.00681753,member
CE2E1F080D0EC38E,classic_bike,2021-07-06 16:33:36,2021-07-06 16:44:13,8 Ave & W 31 St,6450.05,MacDougal St & Prince St,5687.04,40.7505853470215,-73.9946848154068,40.72710258,-74.00297088,member
EDBAA01000B0D56A,classic_bike,2021-07-14 11:10:50,2021-07-14 15:23:43,West End Ave & W 60 St,7059.08,Grand Army Plaza & Central Park S,6839.10,40.77237,-73.99005,40.7643971,-73.97371465,member
1BD4F84D2B0AA27E,classic_bike,2021-07-29 19:13:47,2021-07-29 19:54:07,W 15 St & 10 Ave,6115.09,Nassau Ave & Russell St,5581.01,40.742753828659026,-74.00747358798981,40.72557,-73.94434,member
C99CCE3F62A9B056,classic_bike,2021-07-03 18:28:05,2021-07-03 18:44:43,Alexander Ave & E 134 St,7712.04,5 Ave & W 126 St,7701.21,40.807466,-73.927107,40.80722,-73.9418,member
F03A23AEFBDD42EA,classic_bike,2021-07-18 12:57:56,2021-07-18 13:21:26,W 84 St & Broadway,7409.08,Grand Army Plaza & Central Park S,6839.10,40.7867947,-73.977112,40.7643971,-73.97371465,member
8B68259257EE687E,classic_bike,2021-07-01 12:48:57,2021-07-01 12:53:51,E 7 St & Avenue A,5626.07,1 Ave & E 18 St,5854.09,40.72621788,-73.98379855,40.733812191966315,-73.98054420948029,member
3ADAB5728110D6AB,classic_bike,2021-07-26 17:43:17,2021-07-26 17:53:41,Carroll St & 5 Ave,4060.09,Clinton St & Joralemon St,4605.04,40.6751622,-73.9814832,40.69239502,-73.99337909,member
36E26D9A9EAB5F60,classic_bike,2021-07-05 23:32:25,2021-07-05 23:38:11,E 7 St & Avenue A,5626.07,1 Ave & E 18 St,5854.09,40.72621788,-73.98379855,40.733812191966315,-73.98054420948029,member
A774232D4A6BEB9D,classic_bike,2021-07-18 21:28:15,2021-07-18 21:34:18,Bond St & Fulton St,4479.06,Clinton St & Joralemon St,4605.04,40.68962188790333,-73.98304268717766,40.69239502,-73.99337909,member
AE6F721DA0C812CE,classic_bike,2021-07-15 22:57:41,2021-07-15 23:01:29,E 7 St & Avenue A,5626.07,E 11 St & Avenue B,5659.11,40.72621788,-73.98379855,40.72746420692392,-73.97950418293476,member
84132DDDE9A64B89,classic_bike,2021-07-09 09:27:05,2021-07-09 09:30:49,E 7 St & Avenue A,5626.07,1 Ave & E 18 St,5854.09,40.72621788,-73.98379855,40.733812191966315,-73.98054420948029,member
D2EB9DB5F4B1C40B,classic_bike,2021-07-23 20:52:27,2021-07-23 21:06:02,W 84 St & Broadway,7409.08,Grand Army Plaza & Central Park S,6839.10,40.7867947,-73.977112,40.7643971,-73.97371465,member
3DC6ACE0FF34EF8F,classic_bike,2021-07-24 18:16:12,2021-07-24 18:37:56,W 100 St & Manhattan Ave,7538.14,Grand Army Plaza & Central Park S,6839.10,40.795,-73.9645,40.7643971,-73.97371465,member
3E21A5ED3D7F39FC,docked_bike,2021-07-27 16:32:06,2021-07-27 17:48:15,W 100 St & Manhattan Ave,7538.14,Grand Army Plaza & Central Park S,6839.10,40.795,-73.9645,40.764397,-73.973715,casual
937C694354DD7FE6,classic_bike,2021-07-03 17:28:03,2021-07-03 17:29:03,Central Ave & Melrose St,4832.07,George St & Wilson Ave,4906.07,40.70112,-73.93039,40.702997,-73.92997,member
25DEB0D5A9E6BA67,classic_bike,2021-07-25 04:00:00,2021-07-25 04:02:20,E 7 St & Avenue A,5626.07,E 11 St & Avenue B,5659.11,40.72621788,-73.98379855,40.72746420692392,-73.97950418293476,member
0E31BA7C06E96866,classic_bike,2021-07-21 19:59:55,2021-07-21 20:05:45,Lenox Ave & W 111 St,7602.05,5 Ave & W 126 St,7701.21,40.7987859,-73.9523,40.80722,-73.9418,member
753692CF75154D65,classic_bike,2021-07-22 20:44:01,2021-07-22 20:55:03,Lenox Ave & W 111 St,7602.05,5 Ave & W 126 St,7701.21,40.7987859,-73.9523,40.80722,-73.9418,member
97C6CE1E85A42BF0,classic_bike,2021-07-02 14:46:23,2021-07-02 15:04:44,Howard St & Centre St,5422.04,MacDougal St & Prince St,5687.04,40.71910537,-73.99973337,40.72710258,-74.00297088,member
7C0F158C515EE977,classic_bike,2021-07-20 18:52:41,2021-07-20 19:01:25,Bond St & Bergen St,4404.10,Prospect Pl & 6 Ave,4166.08,40.6849668,-73.98620772,40.6793307,-73.97519523,member
BB4EDCB51CE8ECEC,classic_bike,2021-07-06 17:14:45,2021-07-06 17:16:32,6 Ave & Broome St,5610.09,MacDougal St & Prince St,5687.04,40.72431,-74.00473,40.72710258,-74.00297088,member
59D13F7BE1CB6E29,classic_bike,2021-07-18 01:58:40,2021-07-18 02:14:46,6 Ave & Broome St,5610.09,E 11 St & Avenue B,5659.11,40.72431,-74.00473,40.72746420692392,-73.97950418293476,member
E4D17CBD66D4E98E,classic_bike,2021-07-06 17:58:33,2021-07-06 18:10:52,6 Ave & Broome St,5610.09,1 Ave & E 18 St,5854.09,40.72431,-74.00473,40.733812191966315,-73.98054420948029,member
26A1A4E1840700B7,classic_bike,2021-07-20 20:48:49,2021-07-20 21:06:36,6 Ave & Broome St,5610.09,Clinton St & Joralemon St,4605.04,40.72431,-74.00473,40.69239502,-73.99337909,member
0C5825903170D003,classic_bike,2021-07-18 18:07:07,2021-07-18 18:17:15,51 St & Hobart St,6662.08,34 Ave & 38 St,6638.01,40.757764,-73.907654,40.756913,-73.921631,member
FEF83C6B559427B9,docked_bike,2021-07-12 10:31:57,2021-07-12 11:18:56,Lenox Ave & W 111 St,7602.05,Grand Army Plaza & Central Park S,6839.10,40.798786,-73.9523,40.764397,-73.973715,casual
DA3D475107FA7F57,classic_bike,2021-07-22 11:46:52,2021-07-22 12:11:03,Lenox Ave & W 111 St,7602.05,Grand Army Plaza & Central Park S,6839.10,40.7987859,-73.9523,40.7643971,-73.97371465,member
4E60133BBA83CFBE,classic_bike,2021-07-06 17:03:12,2021-07-06 17:18:16,6 Ave & Broome St,5610.09,E 11 St & Avenue B,5659.11,40.72431,-74.00473,40.72746420692392,-73.97950418293476,member
52CF8CEFD16A368F,classic_bike,2021-07-12 16:49:50,2021-07-12 17:12:24,6 Ave & Broome St,5610.09,E 11 St & Avenue B,5659.11,40.72431,-74.00473,40.72746420692392,-73.97950418293476,member
ED70D87E627FCD29,classic_bike,2021-07-20 16:59:22,2021-07-20 17:16:04,6 Ave & Broome St,5610.09,E 11 St & Avenue B,5659.11,40.72431,-74.00473,40.72746420692392,-73.97950418293476,member
4B017716E6C632AE,classic_bike,2021-07-25 16:05:05,2021-07-25 16:23:15,6 Ave & Broome St,5610.09,E 11 St & Avenue B,5659.11,40.72431,-74.00473,40.72746420692392,-73.97950418293476,member
53B260374D0A9D55,classic_bike,2021-07-31 15:14:19,2021-07-31 15:28:39,6 Ave & Broome St,5610.09,1 Ave & E 18 St,5854.09,40.72431,-74.00473,40.733812191966315,-73.98054420948029,member
0850E6716301D795,docked_bike,2021-07-20 15:12:42,2021-07-20 17:27:44,Lenox Ave & W 111 St,7602.05,Grand Army Plaza & Central Park S,6839.10,40.798786,-73.9523,40.764397,-73.973715,casual
0B1463F318913CBA,classic_bike,2021-07-06 17:59:17,2021-07-06 18:13:02,Melrose Ave & E 150 St,7879.01,Courtlandt Ave & E 149 St,7840.05,40.816827,-73.917338,40.816402,-73.919549,member
F4BCE85815A0EC56,classic_bike,2021-07-23 22:19:15,2021-07-23 23:13:52,Lenox Ave & W 111 St,7602.05,Grand Army Plaza & Central Park S,6839.10,40.7987859,-73.9523,40.7643971,-73.97371465,casual
6689593543365FCE,classic_bike,2021-07-05 17:22:22,2021-07-05 17:48:52,Lenox Ave & W 111 St,7602.05,Grand Army Plaza & Central Park S,6839.10,40.7987859,-73.9523,40.7643971,-73.97371465,casual
D0F64A741B8F3ADC,classic_bike,2021-07-17 17:05:04,2021-07-17 18:52:47,Lenox Ave & W 111 St,7602.05,Grand Army Plaza & Central Park S,6839.10,40.7987859,-73.9523,40.7643971,-73.97371465,casual
A35D3A66FA04E3BC,classic_bike,2021-07-11 14:49:55,2021-07-11 15:05:42,Melrose Ave & E 150 St,7879.01,Courtlandt Ave & E 149 St,7840.05,40.816827,-73.917338,40.816402,-73.919549,casual
2513440E8459DAEE,classic_bike,2021-07-13 05:33:31,2021-07-13 05:45:19,McKibbin St & Manhattan Ave,4996.08,Nassau Ave & Russell St,5581.01,40.70510918,-73.94407279,40.72557,-73.94434,casual
FB3BFEBD47363866,classic_bike,2021-07-31 15:16:47,2021-07-31 15:33:53,Anthony Ave & E 175 St,8319.01,Decatur Ave & Oliver Pl,8631.03,40.846465,-73.903869,40.867,-73.8857764,casual
B1E582913E0D5A0D,classic_bike,2021-07-01 09:05:10,2021-07-01 09:45:37,6 Ave & Broome St,5610.09,Grand Army Plaza & Central Park S,6839.10,40.72431,-74.00473,40.7643971,-73.97371465,casual
4C2DA85D703B2A64,classic_bike,2021-07-26 18:10:06,2021-07-26 18:30:04,Melrose Ave & E 150 St,7879.01,5 Ave & W 126 St,7701.21,40.816827,-73.917338,40.80722,-73.9418,casual
082DB8B4933CAED7,classic_bike,2021-07-22 08:04:10,2021-07-22 08:16:49,51 St &  Hobart St,6662.08,34 Ave & 38 St,6638.01,40.757764,-73.907654,40.756913,-73.921631,casual
AE1E81DC7475AD11,classic_bike,2021-07-27 15:11:43,2021-07-27 15:23:44,51 St &  Hobart St,6662.08,34 Ave & 38 St,6638.01,40.757764,-73.907654,40.756913,-73.921631,casual
D306638B196027A0,classic_bike,2021-07-10 19:34:21,2021-07-10 20:17:16,Lenox Ave & W 111 St,7602.05,W 47 St & 6 Ave,6667.04,40.7987859,-73.9523,40.758397,-73.98255,casual
C66AF27605F61A11,classic_bike,2021-07-04 11:23:11,2021-07-04 11:25:44,6 Ave & Broome St,5610.09,MacDougal St & Prince St,5687.04,40.72431,-74.00473,40.72710258,-74.00297088,casual
CDCC3FD05610A16D,classic_bike,2021-07-02 10:34:02,2021-07-02 10:38:16,Melrose Ave & E 150 St,7879.01,Courtlandt Ave & E 149 St,7840.05,40.816827,-73.917338,40.816402,-73.919549,casual
D606BB6C52379E00,classic_bike,2021-07-27 17:35:42,2021-07-27 17:54:48,Carlton Ave & Park Ave,4732.04,Baltic St & 5 Ave,4208.11,40.69580705,-73.97355569,40.6795766,-73.97854971,casual
F6DCEB4FA74FA76A,classic_bike,2021-07-07 14:20:14,2021-07-07 14:45:30,6 Ave & Broome St,5610.09,MacDougal St & Prince St,5687.04,40.72431,-74.00473,40.72710258,-74.00297088,casual
4438E9165ECC519B,classic_bike,2021-07-16 11:59:39,2021-07-16 12:05:24,McKibbin St & Manhattan Ave,4996.08,George St & Wilson Ave,4906.07,40.70510918,-73.94407279,40.702997,-73.92997,member
55EB88B9043208DA,classic_bike,2021-07-28 15:24:30,2021-07-28 15:28:47,6 Ave & Broome St,5610.09,MacDougal St & Prince St,5687.04,40.72431,-74.00473,40.72710258,-74.00297088,member
6FE88E89F53389BE,classic_bike,2021-07-28 08:05:19,2021-07-28 08:16:08,51 St &  Hobart St,6662.08,34 Ave & 38 St,6638.01,40.757764,-73.907654,40.756913,-73.921631,member
CACF6E53E06D15F0,classic_bike,2021-07-20 07:58:43,2021-07-20 08:11:06,51 St & Hobart St,6662.08,34 Ave & 38 St,6638.01,40.757764,-73.907654,40.756913,-73.921631,casual
13272039E9E9AF9D,classic_bike,2021-07-07 07:31:20,2021-07-07 08:06:28,Bushwick Ave & Furman Ave,4317.05,Prospect Pl & 6 Ave,4166.08,40.68281,-73.90623,40.6793307,-73.97519523,casual
B48E889CBD484CD9,classic_bike,2021-07-05 22:40:46,2021-07-05 22:44:03,6 Ave & Broome St,5610.09,MacDougal St & Prince St,5687.04,40.72431,-74.00473,40.72710258,-74.00297088,member
D408BD54778A08E3,classic_bike,2021-07-05 15:46:44,2021-07-05 15:55:42,Grove St & Broadway,4526.01,George St & Wilson Ave,4906.07,40.69047,-73.923511,40.702997,-73.92997,casual
C2AFF95E237987BA,classic_bike,2021-07-06 19:54:39,2021-07-06 19:56:52,Melrose Ave & E 150 St,7879.01,Courtlandt Ave & E 149 St,7840.05,40.816827,-73.917338,40.816402,-73.919549,member
B83454BEEE7C0BB3,classic_bike,2021-07-23 15:49:42,2021-07-23 16:20:39,6 Ave & Broome St,5610.09,Pioneer St & Van Brunt St,4169.04,40.72431,-74.00473,40.679043,-74.011169,member
8A2EA9CCFBD48039,classic_bike,2021-07-26 16:43:47,2021-07-26 16:55:19,Melrose Ave & E 150 St,7879.01,Courtlandt Ave & E 149 St,7840.05,40.816827,-73.917338,40.816402,-73.919549,casual
FD10AECAE3DCD58A,classic_bike,2021-07-17 17:58:07,2021-07-17 18:46:24,Lenox Ave & W 111 St,7602.05,Grand Army Plaza & Central Park S,6839.10,40.7987859,-73.9523,40.7643971,-73.97371465,casual
15894EF6F99DBBC2,classic_bike,2021-07-02 16:03:19,2021-07-02 16:40:44,Lenox Ave & W 111 St,7602.05,W 47 St & 6 Ave,6667.04,40.7987859,-73.9523,40.758397,-73.98255,casual
95B1A1CAFCAAAB58,classic_bike,2021-07-13 09:54:00,2021-07-13 10:23:07,Lenox Ave & W 111 St,7602.05,Grand Army Plaza & Central Park S,6839.10,40.7987859,-73.9523,40.7643971,-73.97371465,casual
1D1BCC0E4F438BC4,classic_bike,2021-07-18 15:02:02,2021-07-18 15:09:32,Grove St & Broadway,4526.01,George St & Wilson Ave,4906.07,40.69047,-73.923511,40.702997,-73.92997,member
A9C4C88708924362,classic_bike,2021-07-07 16:40:11,2021-07-07 16:56:05,Anthony Ave & E 175 St,8319.01,Courtlandt Ave & E 149 St,7840.05,40.846465,-73.903869,40.816402,-73.919549,member
DEF884407423DB56,classic_bike,2021-07-25 10:59:50,2021-07-25 11:24:46,Lenox Ave & W 111 St,7602.05,Grand Army Plaza & Central Park S,6839.10,40.7987859,-73.9523,40.7643971,-73.97371465,casual
B8571A630BB516E9,classic_bike,2021-07-25 12:00:49,2021-07-25 12:44:29,Jerome Ave & E Mosholu Parkway S,8795.01,5 Ave & W 126 St,7701.21,40.87935,-73.88534,40.80722,-73.9418,casual
3F622E208DE1F707,classic_bike,2021-07-01 09:21:56,2021-07-01 09:34:56,6 Ave & Broome St,5610.09,W 16 St & The High Line,6233.05,40.72431,-74.00473,40.74334935,-74.00681753,member
C2A3EF62F453E2D4,classic_bike,2021-07-24 12:36:33,2021-07-24 13:03:07,Howard St & Centre St,5422.04,W 16 St & The High Line,6233.05,40.71910537,-73.99973337,40.74334935,-74.00681753,casual
1E78E2C7BBD48513,classic_bike,2021-07-31 15:18:21,2021-07-31 15:33:37,Commerce St & Van Brunt St,4243.01,Pioneer St & Van Brunt St,4169.04,40.6812117,-74.00860912,40.679043,-74.011169,casual
A630A514D636F20A,classic_bike,2021-07-08 11:03:33,2021-07-08 11:30:21,South St & Gouverneur Ln,4953.04,1 Ave & E 18 St,5854.09,40.70355377,-74.00670227,40.733812191966315,-73.98054420948029,member
C166D29DEED09A15,classic_bike,2021-07-03 14:25:15,2021-07-03 14:33:08,Howard St & Centre St,5422.04,MacDougal St & Prince St,5687.04,40.71910537,-73.99973337,40.72710258,-74.00297088,member
7AF2CC5551920D71,docked_bike,2021-07-08 19:55:17,2021-07-08 20:05:40,Bond St & Bergen St,4404.10,Clinton St & Joralemon St,4605.04,40.684967,-73.986208,40.692395,-73.993379,casual
A8A6D5248A16F58A,classic_bike,2021-07-18 11:17:35,2021-07-18 11:30:22,Perry St & Bleecker St,5922.07,W 16 St & The High Line,6233.05,40.73535398,-74.00483091,40.74334935,-74.00681753,member
A0CF0393CE7E0F7D,classic_bike,2021-07-05 15:01:06,2021-07-05 15:29:57,South St & Gouverneur Ln,4953.04,W 16 St & The High Line,6233.05,40.70355377,-74.00670227,40.74334935,-74.00681753,casual
0B1E727E8EBE41E6,classic_bike,2021-07-05 16:09:10,2021-07-05 16:39:40,W 90 St & Amsterdam Ave,7432.04,Grand Army Plaza & Central Park S,6839.10,40.79017948095081,-73.97288918495178,40.7643971,-73.97371465,casual
AFF48A9C30DF0FE8,classic_bike,2021-07-16 19:12:59,2021-07-16 19:34:08,Windsor Pl & Howard Pl,3579.04,Pioneer St & Van Brunt St,4169.04,40.659490558938955,-73.98013919591904,40.679043,-74.011169,casual
83CCB99FE66BCFFC,classic_bike,2021-07-16 11:38:50,2021-07-16 11:51:48,Perry St & Bleecker St,5922.07,W 16 St & The High Line,6233.05,40.73535398,-74.00483091,40.74334935,-74.00681753,casual
0FD5177BC39A3DF8,classic_bike,2021-07-24 14:40:17,2021-07-24 15:03:49,8 Ave & W 31 St,6450.05,W 47 St & 6 Ave,6667.04,40.7505853470215,-73.9946848154068,40.758397,-73.98255,casual
5413D1139B02BDD7,classic_bike,2021-07-27 19:34:24,2021-07-27 19:41:16,S Portland Ave & Hanson Pl,4354.05,Baltic St & 5 Ave,4208.11,40.68539567,-73.97431458,40.6795766,-73.97854971,member
70AC0C2173970E4C,classic_bike,2021-07-26 05:50:16,2021-07-26 06:02:26,West End Ave & W 60 St,7059.08,W 16 St & The High Line,6233.05,40.77237,-73.99005,40.74334935,-74.00681753,member
3820D600DC5009B9,classic_bike,2021-07-04 15:12:22,2021-07-04 15:54:44,W 15 St & 10 Ave,6115.09,W 16 St & The High Line,6233.05,40.742753828659026,-74.00747358798981,40.74334935,-74.00681753,casual
073F8EAB8A5F8568,classic_bike,2021-07-27 23:51:05,2021-07-28 00:06:54,West End Ave & W 60 St,7059.08,W 16 St & The High Line,6233.05,40.77237,-73.99005,40.74334935,-74.00681753,casual
950B455501273063,classic_bike,2021-07-30 18:02:22,2021-07-30 18:33:12,W 15 St & 10 Ave,6115.09,W 47 St & 6 Ave,6667.04,40.742753828659026,-74.00747358798981,40.758397,-73.98255,casual
B58E568C48EADF93,classic_bike,2021-07-10 00:37:22,2021-07-10 00:39:55,Calyer St & Jewel St,5743.02,Nassau Ave & Russell St,5581.01,40.72984,-73.94839,40.72557,-73.94434,member
8CF1CCDAD5450DFE,classic_bike,2021-07-29 23:33:29,2021-07-29 23:36:01,Calyer St & Jewel St,5743.02,Nassau Ave & Russell St,5581.01,40.72984,-73.94839,40.72557,-73.94434,member
1017E677BC4B11AD,classic_bike,2021-07-13 18:33:44,2021-07-13 18:41:00,8 Ave & W 16 St,6072.11,W 16 St & The High Line,6233.05,40.740983,-74.001702,40.74334935,-74.00681753,member
74A1FD7B884BCF12,classic_bike,2021-07-26 09:44:02,2021-07-26 09:59:58,S 4 St & Wythe Ave,5204.05,MacDougal St & Prince St,5687.04,40.71285887,-73.96590294,40.72710258,-74.00297088,member
50CEFDBB78283B67,classic_bike,2021-07-16 07:12:30,2021-07-16 07:19:24,Steinway St & 28 Ave,6915.02,34 Ave & 38 St,6638.01,40.7656251,-73.9136695,40.756913,-73.921631,member
39F59CB9E989043C,classic_bike,2021-07-15 07:09:47,2021-07-15 07:17:14,Steinway St & 28 Ave,6915.02,34 Ave & 38 St,6638.01,40.7656251,-73.9136695,40.756913,-73.921631,member
5E13D2F7D806BEF4,classic_bike,2021-07-02 10:45:00,2021-07-02 10:55:26,Columbia St & Degraw St,4422.04,Clinton St & Joralemon St,4605.04,40.6859296,-74.00242364,40.69239502,-73.99337909,member
379AF123B5A373F7,classic_bike,2021-07-11 17:56:54,2021-07-11 18:10:38,Sands St Gate,4812.04,Baltic St & 5 Ave,4208.11,40.699569,-73.979827,40.6795766,-73.97854971,member
A3F85FD2FCD7BF70,classic_bike,2021-07-14 20:49:32,2021-07-14 21:01:39,S 4 St & Wythe Ave,5204.05,E 11 St & Avenue B,5659.11,40.71285887,-73.96590294,40.72746420692392,-73.97950418293476,member
674E3F52768CC9D6,classic_bike,2021-07-20 08:12:18,2021-07-20 08:18:14,Steinway St & 28 Ave,6915.02,34 Ave & 38 St,6638.01,40.7656251,-73.9136695,40.756913,-73.921631,member
B7D0F111365B72B4,classic_bike,2021-07-29 08:51:59,2021-07-29 08:58:53,Steinway St & 28 Ave,6915.02,34 Ave & 38 St,6638.01,40.7656251,-73.9136695,40.756913,-73.921631,member
E375DBFFE2B4374F,classic_bike,2021-07-23 14:34:47,2021-07-23 14:42:13,Columbia St & Degraw St,4422.04,Clinton St & Joralemon St,4605.04,40.6859296,-74.00242364,40.69239502,-73.99337909,member
6CCE0AE676663ADB,classic_bike,2021-07-15 07:26:36,2021-07-15 07:30:47,Columbia St & Degraw St,4422.04,Clinton St & Joralemon St,4605.04,40.6859296,-74.00242364,40.69239502,-73.99337909,member
8713783B5A7DA10B,classic_bike,2021-07-07 13:32:31,2021-07-07 13:42:55,Franklin St & W Broadway,5430.08,MacDougal St & Prince St,5687.04,40.71911552,-74.00666661,40.72710258,-74.00297088,member
F3299064214A38B6,classic_bike,2021-07-22 17:19:05,2021-07-22 17:29:59,Sands St Gate,4812.04,Clinton St & Joralemon St,4605.04,40.699569,-73.979827,40.69239502,-73.99337909,member
D97D3F6BC98DAC49,classic_bike,2021-07-19 16:56:14,2021-07-19 17:08:25,Sands St Gate,4812.04,Clinton St & Joralemon St,4605.04,40.699569,-73.979827,40.69239502,-73.99337909,member
2B4225DC5CF256F5,classic_bike,2021-07-05 15:29:04,2021-07-05 15:50:20,5 Ave & E 93 St,7372.10,Grand Army Plaza & Central Park S,6839.10,40.7857851,-73.957481,40.7643971,-73.97371465,member
D28483DFFFE9A1BE,classic_bike,2021-07-03 17:04:10,2021-07-03 17:53:03,5 Ave & E 93 St,7372.10,MacDougal St & Prince St,5687.04,40.7857851,-73.957481,40.72710258,-74.00297088,member
76B393C983DBAFF3,classic_bike,2021-07-02 15:26:31,2021-07-02 15:36:19,Cherry St,5181.04,E 11 St & Avenue B,5659.11,40.71219906,-73.97948148,40.72746420692392,-73.97950418293476,member
F7CEB95CEC186D3A,classic_bike,2021-07-10 13:10:00,2021-07-10 13:16:29,Bayard St & Leonard St,5442.05,Nassau Ave & Russell St,5581.01,40.71915571696044,-73.94885390996933,40.72557,-73.94434,member
E2A3365DB29E18B3,classic_bike,2021-07-05 07:22:29,2021-07-05 07:25:02,34 Ave & 31 St,6720.07,34 Ave & 38 St,6638.01,40.759604471387945,-73.92714411020279,40.756913,-73.921631,member
C5BB6A753F2D669A,classic_bike,2021-07-25 07:11:49,2021-07-25 07:14:20,34 Ave & 31 St,6720.07,34 Ave & 38 St,6638.01,40.759604471387945,-73.92714411020279,40.756913,-73.921631,member
95C1F4D5616F4190,classic_bike,2021-07-21 07:23:43,2021-07-21 07:27:05,34 Ave & 31 St,6720.07,34 Ave & 38 St,6638.01,40.759604471387945,-73.92714411020279,40.756913,-73.921631,member
92E1A7FFA9492A93,docked_bike,2021-07-10 15:41:10,2021-07-10 16:18:27,5 Ave & E 72 St,7100.07,Grand Army Plaza & Central Park S,6839.10,40.772828,-73.966853,40.764397,-73.973715,casual
DB6CFE492A9DFDCB,classic_bike,2021-07-27 09:11:27,2021-07-27 09:21:06,Kane St & Clinton St,4455.11,Clinton St & Joralemon St,4605.04,40.6861758,-73.99645295,40.69239502,-73.99337909,member
CBBCC26F3621FAEA,classic_bike,2021-07-16 21:57:49,2021-07-16 22:09:48,Cherry St,5181.04,E 11 St & Avenue B,5659.11,40.71219906,-73.97948148,40.72746420692392,-73.97950418293476,member
91BF305EB16D3F4C,classic_bike,2021-07-15 15:57:08,2021-07-15 16:01:56,E 68 St & Madison Ave,6932.15,Grand Army Plaza & Central Park S,6839.10,40.7691572,-73.96703464,40.7643971,-73.97371465,casual
D592D24DEFB0BE2F,classic_bike,2021-07-29 12:23:11,2021-07-29 12:40:49,Lenox Ave & W 115 St,7627.10,Grand Army Plaza & Central Park S,6839.10,40.8011939,-73.9500739,40.7643971,-73.97371465,member
A11227B218E45D44,classic_bike,2021-07-22 10:41:26,2021-07-22 10:55:51,W 84 St & Broadway,7409.08,Grand Army Plaza & Central Park S,6839.10,40.7867947,-73.977112,40.7643971,-73.97371465,member
0537C5AEDABD2B8C,classic_bike,2021-07-28 16:13:28,2021-07-28 16:16:24,E 7 St & Avenue A,5626.07,E 11 St & Avenue B,5659.11,40.72621788,-73.98379855,40.72746420692392,-73.97950418293476,member
9FE0429042C796CC,classic_bike,2021-07-14 18:17:18,2021-07-14 18:45:19,Johnson St & Gold St,4668.08,W 16 St & The High Line,6233.05,40.69474881,-73.98362464,40.74334935,-74.00681753,member
9502A8CFC633E683,classic_bike,2021-07-29 20:50:15,2021-07-29 20:57:58,Lenox Ave & W 115 St,7627.10,5 Ave & W 126 St,7701.21,40.8011939,-73.9500739,40.80722,-73.9418,member
1847250B58734A57,classic_bike,2021-07-16 18:22:31,2021-07-16 18:29:00,E 7 St & Avenue A,5626.07,1 Ave & E 18 St,5854.09,40.72621788,-73.98379855,40.733812191966315,-73.98054420948029,member
F37F9F8B8BE24A90,classic_bike,2021-07-30 13:17:14,2021-07-30 13:31:41,W 84 St & Broadway,7409.08,Grand Army Plaza & Central Park S,6839.10,40.7867947,-73.977112,40.7643971,-73.97371465,member
F8EED26C0F3EE038,classic_bike,2021-07-04 14:27:50,2021-07-04 15:31:40,Bond St & Fulton St,4479.06,Baltic St & 5 Ave,4208.11,40.68962188790333,-73.98304268717766,40.6795766,-73.97854971,casual
0B217E233F03CC8C,classic_bike,2021-07-21 20:44:33,2021-07-21 21:00:02,E 7 St & Avenue A,5626.07,MacDougal St & Prince St,5687.04,40.72621788,-73.98379855,40.72710258,-74.00297088,casual
973A8ED92C44DB2A,classic_bike,2021-07-18 19:07:57,2021-07-18 19:15:05,E 7 St & Avenue A,5626.07,E 11 St & Avenue B,5659.11,40.72621788,-73.98379855,40.72746420692392,-73.97950418293476,member
35B7C269476115B2,classic_bike,2021-07-29 15:46:55,2021-07-29 16:32:00,E 7 St & Avenue A,5626.07,1 Ave & E 18 St,5854.09,40.72621788,-73.98379855,40.733812191966315,-73.98054420948029,casual
416B6C46AF988E5C,classic_bike,2021-07-09 17:36:39,2021-07-09 17:47:02,Bond St & Fulton St,4479.06,Prospect Pl & 6 Ave,4166.08,40.68962188790333,-73.98304268717766,40.6793307,-73.97519523,casual
F03206E0DD108811,classic_bike,2021-07-30 14:56:53,2021-07-30 15:15:22,W 84 St & Broadway,7409.08,Grand Army Plaza & Central Park S,6839.10,40.7867947,-73.977112,40.7643971,-73.97371465,member
F00943E170405DD6,classic_bike,2021-07-30 18:06:32,2021-07-30 18:21:52,Carroll St & 5 Ave,4060.09,Clinton St & Joralemon St,4605.04,40.6751622,-73.9814832,40.69239502,-73.99337909,member
B58BAB17A1EB452F,classic_bike,2021-07-12 23:17:15,2021-07-12 23:24:33,E 7 St & Avenue A,5626.07,1 Ave & E 18 St,5854.09,40.72621788,-73.98379855,40.733812191966315,-73.98054420948029,member
333EEEAEC5761B0E,classic_bike,2021-07-11 15:12:05,2021-07-11 17:00:35,Carroll St & 5 Ave,4060.09,Baltic St & 5 Ave,4208.11,40.6751622,-73.9814832,40.6795766,-73.97854971,casual
57661CCCCDC77408,classic_bike,2021-07-15 17:31:22,2021-07-15 18:09:15,E 138 St & Willow Ave,7654.04,Grand Army Plaza & Central Park S,6839.10,40.804168,-73.911545,40.7643971,-73.97371465,casual
75205FBEEFD12778,classic_bike,2021-07-24 00:00:34,2021-07-24 00:03:54,Carroll St & 5 Ave,4060.09,Baltic St & 5 Ave,4208.11,40.6751622,-73.9814832,40.6795766,-73.97854971,member
70A3B78FDB5EA63B,classic_bike,2021-07-11 18:18:44,2021-07-11 18:36:48,5 Ave & E 72 St,7100.07,Grand Army Plaza & Central Park S,6839.10,40.77282817,-73.96685276,40.7643971,-73.97371465,casual
C67F231D4C9E8F2C,classic_bike,2021-07-02 16:32:16,2021-07-02 17:40:57,Cherry St,5181.04,W 16 St & The High Line,6233.05,40.71219906,-73.97948148,40.74334935,-74.00681753,casual
BF0BC3BEBAB4E8A2,classic_bike,2021-07-20 13:17:27,2021-07-20 13:49:33,5 Ave & E 72 St,7100.07,Grand Army Plaza & Central Park S,6839.10,40.77282817,-73.96685276,40.7643971,-73.97371465,casual
7B801BBEBF550813,classic_bike,2021-07-19 13:41:27,2021-07-19 14:00:55,5 Ave & E 72 St,7100.07,Grand Army Plaza & Central Park S,6839.10,40.77282817,-73.96685276,40.7643971,-73.97371465,casual
BC36E5EF79FC2E0C,classic_bike,2021-07-26 14:18:20,2021-07-26 14:22:02,34 Ave & 31 St,6720.07,34 Ave & 38 St,6638.01,40.759604471387945,-73.92714411020279,40.756913,-73.921631,casual
4DDAB9577E421B46,classic_bike,2021-07-16 17:07:40,2021-07-16 17:32:25,5 Ave & E 72 St,7100.07,Grand Army Plaza & Central Park S,6839.10,40.77282817,-73.96685276,40.7643971,-73.97371465,casual
EAC7BF235D35DA35,classic_bike,2021-07-13 19:45:52,2021-07-13 19:58:32,5 Ave & E 72 St,7100.07,W 47 St & 6 Ave,6667.04,40.77282817,-73.96685276,40.758397,-73.98255,casual
43C51D0BDD90D408,classic_bike,2021-07-02 17:52:37,2021-07-02 18:05:50,Allen St & Hester St,5342.10,MacDougal St & Prince St,5687.04,40.71605866,-73.99190759,40.72710258,-74.00297088,casual
945471FFB3E4A486,classic_bike,2021-07-22 15:06:40,2021-07-22 15:22:02,Cherry St,5181.04,1 Ave & E 18 St,5854.09,40.71219906,-73.97948148,40.733812191966315,-73.98054420948029,casual
631C5380ADFC2519,classic_bike,2021-07-04 13:46:47,2021-07-04 14:06:47,Marcy Ave & Lafayette Ave,4476.03,Clinton St & Joralemon St,4605.04,40.6900815,-73.947915,40.69239502,-73.99337909,casual
392C7487061D9FD7,classic_bike,2021-07-18 16:53:07,2021-07-18 16:56:21,34 Ave & 31 St,6720.07,34 Ave & 38 St,6638.01,40.759604471387945,-73.92714411020279,40.756913,-73.921631,casual
660388615501BA3C,classic_bike,2021-07-11 17:58:24,2021-07-11 18:17:04,5 Ave & E 72 St,7100.07,Grand Army Plaza & Central Park S,6839.10,40.77282817,-73.96685276,40.7643971,-73.97371465,casual
C0F4582CF6678458,classic_bike,2021-07-05 14:46:42,2021-07-05 15:03:42,E 68 St & Madison Ave,6932.15,Grand Army Plaza & Central Park S,6839.10,40.7691572,-73.96703464,40.7643971,-73.97371465,casual
9FA83C5698FEC5D0,classic_bike,2021-07-04 23:05:04,2021-07-04 23:17:38,Delancey St & Eldridge St,5414.07,1 Ave & E 18 St,5854.09,40.719383,-73.991479,40.733812191966315,-73.98054420948029,casual
2F055C2C35B1158E,classic_bike,2021-07-05 01:55:56,2021-07-05 02:03:44,Cherry St,5181.04,E 11 St & Avenue B,5659.11,40.71219906,-73.97948148,40.72746420692392,-73.97950418293476,casual
0AAE78CE3CC5ABE7,classic_bike,2021-07-15 17:34:32,2021-07-15 17:38:27,Kane St & Clinton St,4455.11,Clinton St & Joralemon St,4605.04,40.6861758,-73.99645295,40.69239502,-73.99337909,casual
1AC8E7B2C54A9034,classic_bike,2021-07-13 06:43:05,2021-07-13 06:53:21,E 91 St & Park Ave,7344.05,Grand Army Plaza & Central Park S,6839.10,40.7835016,-73.955327,40.7643971,-73.97371465,casual
1BCC73CFAA438E3A,classic_bike,2021-07-26 12:14:52,2021-07-26 12:22:36,5 Ave & E 72 St,7100.07,Grand Army Plaza & Central Park S,6839.10,40.77282817,-73.96685276,40.7643971,-73.97371465,casual
6CD3DC4D4B04FDA0,classic_bike,2021-07-26 09:50:05,2021-07-26 09:56:53,Bayard St & Leonard St,5442.05,Nassau Ave & Russell St,5581.01,40.71915571696044,-73.94885390996933,40.72557,-73.94434,casual
C301188EA2D5D988,classic_bike,2021-07-24 20:25:24,2021-07-24 20:43:38,5 Ave & E 72 St,7100.07,Grand Army Plaza & Central Park S,6839.10,40.77282817,-73.96685276,40.7643971,-73.97371465,casual
F0D4EAEE0341DF06,classic_bike,2021-07-04 23:05:08,2021-07-04 23:17:10,Delancey St & Eldridge St,5414.07,1 Ave & E 18 St,5854.09,40.719383,-73.991479,40.733812191966315,-73.98054420948029,casual
571FEA491FF2D7E3,classic_bike,2021-07-24 13:31:32,2021-07-24 13:40:54,5 Ave & E 72 St,7100.07,Grand Army Plaza & Central Park S,6839.10,40.77282817,-73.96685276,40.7643971,-73.97371465,casual
E9D9C8BE1491651B,classic_bike,2021-07-23 22:46:16,2021-07-23 22:59:15,Allen St & Hester St,5342.10,1 Ave & E 18 St,5854.09,40.71605866,-73.99190759,40.733812191966315,-73.98054420948029,casual
0F1B4BDDF081C69E,classic_bike,2021-07-11 16:58:23,2021-07-11 17:04:36,W 51 St & Rockefeller Plaza,6700.14,W 47 St & 6 Ave,6667.04,40.75969995906254,-73.97808194160461,40.758397,-73.98255,casual
FDF263FAB8AD5AEC,classic_bike,2021-07-23 17:01:19,2021-07-23 17:15:06,Delancey St & Eldridge St,5414.07,MacDougal St & Prince St,5687.04,40.719383,-73.991479,40.72710258,-74.00297088,casual
1BE4C50718C429D0,classic_bike,2021-07-24 13:57:21,2021-07-24 14:49:45,5 Ave & E 72 St,7100.07,Grand Army Plaza & Central Park S,6839.10,40.77282817,-73.96685276,40.7643971,-73.97371465,casual
0023C467073A7B4B,classic_bike,2021-07-24 15:28:20,2021-07-24 17:06:31,E 68 St & Madison Ave,6932.15,Grand Army Plaza & Central Park S,6839.10,40.7691572,-73.96703464,40.7643971,-73.97371465,casual
11BBA5671142477A,classic_bike,2021-07-05 22:25:13,2021-07-05 22:37:51,Butler St & Court St,4339.01,Baltic St & 5 Ave,4208.11,40.6849894,-73.99440329,40.6795766,-73.97854971,casual
EB1EB35F4905BEE8,classic_bike,2021-07-11 14:31:06,2021-07-11 14:38:15,5 Ave & E 72 St,7100.07,Grand Army Plaza & Central Park S,6839.10,40.77282817,-73.96685276,40.7643971,-73.97371465,casual
3D0A0A72CD7CBDDA,classic_bike,2021-07-03 15:55:20,2021-07-03 16:11:13,Allen St & Hester St,5342.10,MacDougal St & Prince St,5687.04,40.71605866,-73.99190759,40.72710258,-74.00297088,casual
C32EED4660965E69,classic_bike,2021-07-24 15:29:39,2021-07-24 17:07:27,E 68 St & Madison Ave,6932.15,Grand Army Plaza & Central Park S,6839.10,40.7691572,-73.96703464,40.7643971,-73.97371465,casual
D92C4B0AC2F16F4C,classic_bike,2021-07-13 09:23:50,2021-07-13 09:33:36,Butler St & Court St,4339.01,Clinton St & Joralemon St,4605.04,40.6849894,-73.99440329,40.69239502,-73.99337909,casual
ADA674C2AEA20E1F,classic_bike,2021-07-09 18:05:06,2021-07-09 18:39:58,5 Ave & E 72 St,7100.07,W 47 St & 6 Ave,6667.04,40.77282817,-73.96685276,40.758397,-73.98255,casual
E970115BE8DEA019,classic_bike,2021-07-14 16:22:42,2021-07-14 16:27:37,Butler St & Court St,4339.01,Clinton St & Joralemon St,4605.04,40.6849894,-73.99440329,40.69239502,-73.99337909,casual
B737808F96879F7C,classic_bike,2021-07-22 08:45:03,2021-07-22 08:47:18,34 Ave & 31 St,6720.07,34 Ave & 38 St,6638.01,40.759604471387945,-73.92714411020279,40.756913,-73.921631,casual
EF6C3E4E9D891EC9,classic_bike,2021-07-21 21:12:44,2021-07-21 21:22:39,Delancey St & Eldridge St,5414.07,E 11 St & Avenue B,5659.11,40.719383,-73.991479,40.72746420692392,-73.97950418293476,casual
83475B57FBAE6FE8,classic_bike,2021-07-02 13:45:43,2021-07-02 14:00:46,5 Ave & E 72 St,7100.07,W 47 St & 6 Ave,6667.04,40.77282817,-73.96685276,40.758397,-73.98255,casual
3FD57AF3AC58B6F0,classic_bike,2021-07-14 14:32:38,2021-07-14 14:40:36,Adam Clayton Powell Blvd & W 138 St,7855.03,5 Ave & W 126 St,7701.21,40.81695971032464,-73.9422959089279,40.80722,-73.9418,casual
C856D24512CCA506,classic_bike,2021-07-18 17:48:40,2021-07-18 18:30:48,5 Ave & E 72 St,7100.07,Grand Army Plaza & Central Park S,6839.10,40.77282817,-73.96685276,40.7643971,-73.97371465,casual
668E3ED2FC6479BB,classic_bike,2021-07-11 15:39:06,2021-07-11 15:48:32,5 Ave & E 72 St,7100.07,Grand Army Plaza & Central Park S,6839.10,40.77282817,-73.96685276,40.7643971,-73.97371465,casual
527DD5A141ABEA85,classic_bike,2021-07-11 15:04:25,2021-07-11 16:10:53,5 Ave & E 72 St,7100.07,Grand Army Plaza & Central Park S,6839.10,40.77282817,-73.96685276,40.7643971,-73.97371465,casual
A996684FF31BC762,classic_bike,2021-07-07 20:47:49,2021-07-07 21:03:49,Allen St & Hester St,5342.10,E 11 St & Avenue B,5659.11,40.71605866,-73.99190759,40.72746420692392,-73.97950418293476,casual
E7867C28096613C3,classic_bike,2021-07-09 18:09:06,2021-07-09 19:44:15,E 118 St & Madison Ave,7640.04,5 Ave & W 126 St,7701.21,40.8014866,-73.9442507,40.80722,-73.9418,casual
41BF07BE2C397F05,classic_bike,2021-07-14 11:20:12,2021-07-14 11:33:45,Delancey St & Eldridge St,5414.07,MacDougal St & Prince St,5687.04,40.719383,-73.991479,40.72710258,-74.00297088,casual
A04C1F02E06B7E7B,classic_bike,2021-07-18 22:44:01,2021-07-18 23:01:58,Allen St & Hester St,5342.10,Baltic St & 5 Ave,4208.11,40.71605866,-73.99190759,40.6795766,-73.97854971,casual
D6A08344566E50AD,classic_bike,2021-07-11 15:03:06,2021-07-11 15:14:58,Butler St & Court St,4339.01,Prospect Pl & 6 Ave,4166.08,40.6849894,-73.99440329,40.6793307,-73.97519523,casual
046EA444A79E024A,classic_bike,2021-07-14 07:13:40,2021-07-14 07:17:46,34 Ave & 31 St,6720.07,34 Ave & 38 St,6638.01,40.759604471387945,-73.92714411020279,40.756913,-73.921631,casual
12E621FDDD95B8D7,classic_bike,2021-07-16 21:57:45,2021-07-16 22:09:47,Cherry St,5181.04,E 11 St & Avenue B,5659.11,40.71219906,-73.97948148,40.72746420692392,-73.97950418293476,casual
37B55EB9F5BF1C1F,classic_bike,2021-07-15 07:13:17,2021-07-15 07:16:57,34 Ave & 31 St,6720.07,34 Ave & 38 St,6638.01,40.759604471387945,-73.92714411020279,40.756913,-73.921631,casual
5524A5F79B27C61C,classic_bike,2021-07-19 17:02:19,2021-07-19 17:16:05,5 Ave & E 72 St,7100.07,Grand Army Plaza & Central Park S,6839.10,40.77282817,-73.96685276,40.7643971,-73.97371465,casual
6E334DD20750DD88,classic_bike,2021-07-08 14:53:08,2021-07-08 14:58:27,Kane St & Clinton St,4455.11,Clinton St & Joralemon St,4605.04,40.6861758,-73.99645295,40.69239502,-73.99337909,casual
C37B824A4271ED17,classic_bike,2021-07-11 19:04:48,2021-07-11 19:13:29,W 51 St & Rockefeller Plaza,6700.14,Grand Army Plaza & Central Park S,6839.10,40.75969995906254,-73.97808194160461,40.7643971,-73.97371465,casual
442065CB7ABBD65E,classic_bike,2021-07-23 08:44:58,2021-07-23 08:48:14,34 Ave & 31 St,6720.07,34 Ave & 38 St,6638.01,40.759604471387945,-73.92714411020279,40.756913,-73.921631,casual
1CAC822FED6ED2B7,classic_bike,2021-07-08 11:51:46,2021-07-08 11:58:19,Butler St & Court St,4339.01,Baltic St & 5 Ave,4208.11,40.6849894,-73.99440329,40.6795766,-73.97854971,casual
9EFA3280A7297C81,classic_bike,2021-07-11 13:46:18,2021-07-11 14:03:22,Marcy Ave & Lafayette Ave,4476.03,Clinton St & Joralemon St,4605.04,40.6900815,-73.947915,40.69239502,-73.99337909,casual
16A7B317A54BAD5D,classic_bike,2021-07-22 12:21:25,2021-07-22 12:27:12,Adam Clayton Powell Blvd & W 138 St,7855.03,5 Ave & W 126 St,7701.21,40.81695971032464,-73.9422959089279,40.80722,-73.9418,casual
BF9BD7FE6250DB5A,classic_bike,2021-07-13 16:34:11,2021-07-13 16:42:32,Delancey St & Eldridge St,5414.07,E 11 St & Avenue B,5659.11,40.719383,-73.991479,40.72746420692392,-73.97950418293476,casual
D3E958333B230D5D,classic_bike,2021-07-10 17:31:51,2021-07-10 18:25:15,5 Ave & E 72 St,7100.07,W 16 St & The High Line,6233.05,40.77282817,-73.96685276,40.74334935,-74.00681753,casual
D25372B226F1046B,classic_bike,2021-07-10 09:02:22,2021-07-10 09:11:33,E 68 St & Madison Ave,6932.15,W 47 St & 6 Ave,6667.04,40.7691572,-73.96703464,40.758397,-73.98255,casual
08E00B969EC74ACE,classic_bike,2021-07-19 18:33:05,2021-07-19 18:40:14,Crescent St & 34 Ave,6759.15,34 Ave & 38 St,6638.01,40.76108,-73.930562,40.756913,-73.921631,casual
2FD5C40729072206,classic_bike,2021-07-19 13:40:07,2021-07-19 14:00:51,5 Ave & E 72 St,7100.07,Grand Army Plaza & Central Park S,6839.10,40.77282817,-73.96685276,40.7643971,-73.97371465,casual
D091E326A0D2B253,classic_bike,2021-07-19 18:25:00,2021-07-19 18:39:14,Bulova Ave & Brooklyn Queens Expressway W,6766.03,34 Ave & 38 St,6638.01,40.762507,-73.902534,40.756913,-73.921631,casual
2B85369B9967EDCF,classic_bike,2021-07-19 21:39:13,2021-07-19 22:36:38,E 118 St & Madison Ave,7640.04,5 Ave & W 126 St,7701.21,40.8014866,-73.9442507,40.80722,-73.9418,casual
B23AFB32880FD6EF,classic_bike,2021-07-05 23:09:09,2021-07-05 23:18:33,Allen St & Hester St,5342.10,1 Ave & E 18 St,5854.09,40.71605866,-73.99190759,40.733812191966315,-73.98054420948029,casual
C65E954F15852B44,classic_bike,2021-07-05 17:56:24,2021-07-05 18:03:57,Delancey St & Eldridge St,5414.07,MacDougal St & Prince St,5687.04,40.719383,-73.991479,40.72710258,-74.00297088,casual
0462E26AAB05A15B,classic_bike,2021-07-25 20:33:48,2021-07-25 20:55:08,5 Ave & E 72 St,7100.07,W 47 St & 6 Ave,6667.04,40.77282817,-73.96685276,40.758397,-73.98255,casual
97F375223E26797E,classic_bike,2021-07-30 07:52:45,2021-07-30 08:07:47,Marcy Ave & Lafayette Ave,4476.03,Prospect Pl & 6 Ave,4166.08,40.6900815,-73.947915,40.6793307,-73.97519523,casual
11C9E281FFB622FF,classic_bike,2021-07-16 13:48:59,2021-07-16 13:58:01,Allen St & Hester St,5342.10,1 Ave & E 18 St,5854.09,40.71605866,-73.99190759,40.733812191966315,-73.98054420948029,casual
8E088DA06DBEA569,classic_bike,2021-07-07 07:57:16,2021-07-07 08:01:29,5 Ave & E 72 St,7100.07,Grand Army Plaza & Central Park S,6839.10,40.77282817,-73.96685276,40.7643971,-73.97371465,member
E520E3E23F8143C5,classic_bike,2021-07-20 14:06:30,2021-07-20 14:17:22,5 Ave & E 72 St,7100.07,Grand Army Plaza & Central Park S,6839.10,40.77282817,-73.96685276,40.7643971,-73.97371465,casual
14CF0E3439A6CAE8,classic_bike,2021-07-03 15:46:49,2021-07-03 15:51:41,5 Ave & E 72 St,7100.07,Grand Army Plaza & Central Park S,6839.10,40.77282817,-73.96685276,40.7643971,-73.97371465,casual
D29CC8D51CC15167,classic_bike,2021-07-10 19:38:46,2021-07-10 20:04:26,5 Ave & E 72 St,7100.07,W 47 St & 6 Ave,6667.04,40.77282817,-73.96685276,40.758397,-73.98255,casual
167DC57E67FD796F,docked_bike,2021-07-10 12:53:04,2021-07-10 14:22:03,5 Ave & E 72 St,7100.07,Grand Army Plaza & Central Park S,6839.10,40.772828,-73.966853,40.764397,-73.973715,casual
EABAD35C3246C173,classic_bike,2021-07-02 14:09:55,2021-07-02 14:26:40,Allen St & Hester St,5342.10,MacDougal St & Prince St,5687.04,40.71605866,-73.99190759,40.72710258,-74.00297088,member
DAD2B3F928FFD438,classic_bike,2021-07-26 07:27:59,2021-07-26 07:33:30,Kane St & Clinton St,4455.11,Clinton St & Joralemon St,4605.04,40.6861758,-73.99645295,40.69239502,-73.99337909,member
E42CBD6CE18CB1A2,classic_bike,2021-07-06 07:16:39,2021-07-06 07:19:14,34 Ave & 31 St,6720.07,34 Ave & 38 St,6638.01,40.759604471387945,-73.92714411020279,40.756913,-73.921631,member
AB2EC670B2CC5EC0,classic_bike,2021-07-14 07:23:05,2021-07-14 07:26:00,34 Ave & 31 St,6720.07,34 Ave & 38 St,6638.01,40.759604471387945,-73.92714411020279,40.756913,-73.921631,member
681BB40911C380E4,classic_bike,2021-07-18 07:15:04,2021-07-18 07:18:00,34 Ave & 31 St,6720.07,34 Ave & 38 St,6638.01,40.759604471387945,-73.92714411020279,40.756913,-73.921631,member
3F0644C2C37F76BD,classic_bike,2021-07-27 07:17:46,2021-07-27 07:20:50,34 Ave & 31 St,6720.07,34 Ave & 38 St,6638.01,40.759604471387945,-73.92714411020279,40.756913,-73.921631,member
58C2C8BB9246BA17,classic_bike,2021-07-17 07:25:03,2021-07-17 07:28:25,34 Ave & 31 St,6720.07,34 Ave & 38 St,6638.01,40.759604471387945,-73.92714411020279,40.756913,-73.921631,member
54C65D50B38BBF21,classic_bike,2021-07-18 16:49:08,2021-07-18 16:54:07,5 Ave & E 72 St,7100.07,Grand Army Plaza & Central Park S,6839.10,40.77282817,-73.96685276,40.7643971,-73.97371465,member
1C07E19D130C31A0,classic_bike,2021-07-16 12:41:02,2021-07-16 12:49:51,Delancey St & Eldridge St,5414.07,MacDougal St & Prince St,5687.04,40.719383,-73.991479,40.72710258,-74.00297088,member
8C44555641797818,classic_bike,2021-07-27 11:52:26,2021-07-27 11:56:26,W 51 St & Rockefeller Plaza,6700.14,W 47 St & 6 Ave,6667.04,40.75969995906254,-73.97808194160461,40.758397,-73.98255,member
9D358EF640CCB45C,classic_bike,2021-07-08 11:42:53,2021-07-08 11:48:04,W 51 St & Rockefeller Plaza,6700.14,W 47 St & 6 Ave,6667.04,40.75969995906254,-73.97808194160461,40.758397,-73.98255,member
A69D06A63C28980C,classic_bike,2021-07-07 11:27:53,2021-07-07 11:33:02,W 51 St & Rockefeller Plaza,6700.14,W 47 St & 6 Ave,6667.04,40.75969995906254,-73.97808194160461,40.758397,-73.98255,member
07F7F427F46232CC,classic_bike,2021-07-12 11:49:03,2021-07-12 11:53:40,W 51 St & Rockefeller Plaza,6700.14,W 47 St & 6 Ave,6667.04,40.75969995906254,-73.97808194160461,40.758397,-73.98255,member
7DF3D5DC4F788138,classic_bike,2021-07-15 22:21:27,2021-07-15 22:49:57,5 Ave & E 72 St,7100.07,E 11 St & Avenue B,5659.11,40.77282817,-73.96685276,40.72746420692392,-73.97950418293476,member
E4EF432F86674A34,classic_bike,2021-07-12 15:49:21,2021-07-12 15:52:38,34 Ave & 31 St,6720.07,34 Ave & 38 St,6638.01,40.759604471387945,-73.92714411020279,40.756913,-73.921631,member
CD0C24A22EE923C6,classic_bike,2021-07-18 15:48:04,2021-07-18 15:55:58,Kane St & Clinton St,4455.11,Clinton St & Joralemon St,4605.04,40.6861758,-73.99645295,40.69239502,-73.99337909,member
2F1284BE2DCB1B49,classic_bike,2021-07-16 10:16:56,2021-07-16 10:20:59,Kane St & Clinton St,4455.11,Clinton St & Joralemon St,4605.04,40.6861758,-73.99645295,40.69239502,-73.99337909,member
4FF89539701D31BB,classic_bike,2021-07-06 11:28:12,2021-07-06 11:32:48,W 51 St & Rockefeller Plaza,6700.14,W 47 St & 6 Ave,6667.04,40.75969995906254,-73.97808194160461,40.758397,-73.98255,member
1D7BE79761DFBBFF,classic_bike,2021-07-26 11:46:00,2021-07-26 11:51:13,W 51 St & Rockefeller Plaza,6700.14,W 47 St & 6 Ave,6667.04,40.75969995906254,-73.97808194160461,40.758397,-73.98255,member
CEF7F2330B1FCEEF,classic_bike,2021-07-30 11:33:56,2021-07-30 11:38:04,W 51 St & Rockefeller Plaza,6700.14,W 47 St & 6 Ave,6667.04,40.75969995906254,-73.97808194160461,40.758397,-73.98255,member
2C18AB2FDDCA2425,classic_bike,2021-07-24 05:35:30,2021-07-24 05:38:09,34 Ave & 31 St,6720.07,34 Ave & 38 St,6638.01,40.759604471387945,-73.92714411020279,40.756913,-73.921631,member
369CF80580B31144,docked_bike,2021-07-05 14:45:20,2021-07-05 15:01:23,5 Ave & E 72 St,7100.07,Grand Army Plaza & Central Park S,6839.10,40.772828,-73.966853,40.764397,-73.973715,casual
058B663715D48149,classic_bike,2021-07-25 12:57:25,2021-07-25 13:18:14,Marcy Ave & Lafayette Ave,4476.03,Clinton St & Joralemon St,4605.04,40.6900815,-73.947915,40.69239502,-73.99337909,member
9249A2B056C783A6,classic_bike,2021-07-25 22:18:53,2021-07-25 22:33:36,Delancey St & Eldridge St,5414.07,MacDougal St & Prince St,5687.04,40.719383,-73.991479,40.72710258,-74.00297088,casual
A206D5B2CCAE54A3,classic_bike,2021-07-14 21:16:52,2021-07-14 21:34:16,Delancey St & Eldridge St,5414.07,E 11 St & Avenue B,5659.11,40.719383,-73.991479,40.72746420692392,-73.97950418293476,member
2BAE32115567CDE2,classic_bike,2021-07-15 16:00:24,2021-07-15 16:07:33,Kane St & Clinton St,4455.11,Baltic St & 5 Ave,4208.11,40.6861758,-73.99645295,40.6795766,-73.97854971,member
9CB6A4D23D3A6C29,classic_bike,2021-07-16 08:49:12,2021-07-16 08:52:40,Kane St & Clinton St,4455.11,Clinton St & Joralemon St,4605.04,40.6861758,-73.99645295,40.69239502,-73.99337909,member
DE36390FA100CF8D,classic_bike,2021-07-19 18:32:25,2021-07-19 18:38:59,Butler St & Court St,4339.01,Baltic St & 5 Ave,4208.11,40.6849894,-73.99440329,40.6795766,-73.97854971,casual
3C667FA765D00FB2,classic_bike,2021-07-24 20:27:48,2021-07-24 20:41:28,5 Ave & E 72 St,7100.07,Grand Army Plaza & Central Park S,6839.10,40.77282817,-73.96685276,40.7643971,-73.97371465,casual
1E51A36C4304F8C9,classic_bike,2021-07-10 14:20:10,2021-07-10 15:11:06,5 Ave & E 72 St,7100.07,Grand Army Plaza & Central Park S,6839.10,40.77282817,-73.96685276,40.7643971,-73.97371465,casual
6E9DFA2A47551FA8,classic_bike,2021-07-28 12:19:51,2021-07-28 13:24:06,Bulova Ave & Brooklyn Queens Expressway W,6766.03,34 Ave & 38 St,6638.01,40.762507,-73.902534,40.756913,-73.921631,casual
95259BC9FAE89BF7,classic_bike,2021-07-24 17:49:23,2021-07-24 18:18:41,E 91 St & Park Ave,7344.05,W 47 St & 6 Ave,6667.04,40.7835016,-73.955327,40.758397,-73.98255,casual
943B486038494C21,classic_bike,2021-07-25 20:18:02,2021-07-25 20:25:28,5 Ave & E 72 St,7100.07,Grand Army Plaza & Central Park S,6839.10,40.77282817,-73.96685276,40.7643971,-73.97371465,casual
C57442133DF4B2D6,classic_bike,2021-07-31 19:44:38,2021-07-31 20:28:58,5 Ave & E 72 St,7100.07,1 Ave & E 18 St,5854.09,40.77282817,-73.96685276,40.733812191966315,-73.98054420948029,casual
DE2317D7584DE362,classic_bike,2021-07-20 13:49:45,2021-07-20 14:20:17,Madison Ave & E 99 St,7443.01,W 16 St & The High Line,6233.05,40.78948541553215,-73.95242929458618,40.74334935,-74.00681753,casual
63E71BF97029D865,classic_bike,2021-07-24 21:57:15,2021-07-24 22:25:33,5 Ave & E 72 St,7100.07,W 47 St & 6 Ave,6667.04,40.77282817,-73.96685276,40.758397,-73.98255,casual
DFF5A4B2B46AE11A,classic_bike,2021-07-23 19:36:20,2021-07-23 19:46:36,Delancey St & Eldridge St,5414.07,1 Ave & E 18 St,5854.09,40.719383,-73.991479,40.733812191966315,-73.98054420948029,casual
727C3E510CCEF926,classic_bike,2021-07-10 02:46:46,2021-07-10 03:03:50,Allen St & Hester St,5342.10,MacDougal St & Prince St,5687.04,40.71605866,-73.99190759,40.72710258,-74.00297088,casual
14AEE20E8A5AF939,classic_bike,2021-07-26 11:25:50,2021-07-26 12:00:50,Marcy Ave & Lafayette Ave,4476.03,MacDougal St & Prince St,5687.04,40.6900815,-73.947915,40.72710258,-74.00297088,member
9967E06C567310EE,docked_bike,2021-07-15 16:55:40,2021-07-15 18:03:47,5 Ave & E 72 St,7100.07,Grand Army Plaza & Central Park S,6839.10,40.772828,-73.966853,40.764397,-73.973715,casual
A6BF54795C5E9643,classic_bike,2021-07-07 15:09:32,2021-07-07 16:36:14,E 91 St & Park Ave,7344.05,W 16 St & The High Line,6233.05,40.7835016,-73.955327,40.74334935,-74.00681753,casual
9E3EE90E246E1F4D,classic_bike,2021-07-30 10:10:57,2021-07-30 10:33:25,W 51 St & Rockefeller Plaza,6700.14,1 Ave & E 18 St,5854.09,40.75969995906254,-73.97808194160461,40.733812191966315,-73.98054420948029,member
6502846C025FB8CC,classic_bike,2021-07-09 20:16:17,2021-07-09 20:24:52,Allen St & Hester St,5342.10,E 11 St & Avenue B,5659.11,40.71605866,-73.99190759,40.72746420692392,-73.97950418293476,member
32714A0ACA98AA54,classic_bike,2021-07-25 08:12:41,2021-07-25 08:21:44,E 91 St & Park Ave,7344.05,Grand Army Plaza & Central Park S,6839.10,40.7835016,-73.955327,40.7643971,-73.97371465,member
F2A7011298AD158D,classic_bike,2021-07-24 19:55:03,2021-07-24 20:07:53,Allen St & Hester St,5342.10,MacDougal St & Prince St,5687.04,40.71605866,-73.99190759,40.72710258,-74.00297088,member
5735011D44E13C27,classic_bike,2021-07-16 21:26:59,2021-07-16 21:38:27,Allen St & Hester St,5342.10,1 Ave & E 18 St,5854.09,40.71605866,-73.99190759,40.733812191966315,-73.98054420948029,member
CD3495566D1ABE1A,classic_bike,2021-07-30 16:18:22,2021-07-30 16:28:02,W 51 St & Rockefeller Plaza,6700.14,W 47 St & 6 Ave,6667.04,40.75969995906254,-73.97808194160461,40.758397,-73.98255,casual
5D51DEB6018B7F99,classic_bike,2021-07-29 17:55:16,2021-07-29 18:14:37,W 51 St & Rockefeller Plaza,6700.14,W 16 St & The High Line,6233.05,40.75969995906254,-73.97808194160461,40.74334935,-74.00681753,member
897337AAF4F61D3F,classic_bike,2021-07-03 07:18:59,2021-07-03 07:21:42,34 Ave & 31 St,6720.07,34 Ave & 38 St,6638.01,40.759604471387945,-73.92714411020279,40.756913,-73.921631,member
5447281B74BC6BF8,classic_bike,2021-07-29 15:20:49,2021-07-29 15:23:40,34 Ave & 31 St,6720.07,34 Ave & 38 St,6638.01,40.759604471387945,-73.92714411020279,40.756913,-73.921631,member
E7C8F696C0E9D660,classic_bike,2021-07-01 09:34:36,2021-07-01 09:38:53,Kane St & Clinton St,4455.11,Clinton St & Joralemon St,4605.04,40.6861758,-73.99645295,40.69239502,-73.99337909,member
42B93F00F0CDFC07,classic_bike,2021-07-17 16:51:02,2021-07-17 16:54:04,E 68 St & Madison Ave,6932.15,Grand Army Plaza & Central Park S,6839.10,40.7691572,-73.96703464,40.7643971,-73.97371465,member
F843F6CE919B78DE,classic_bike,2021-07-06 12:22:14,2021-07-06 12:38:59,Madison Ave & E 99 St,7443.01,Grand Army Plaza & Central Park S,6839.10,40.78948541553215,-73.95242929458618,40.7643971,-73.97371465,member
3E48265DB9080E86,classic_bike,2021-07-14 12:30:50,2021-07-14 12:45:39,Madison Ave & E 99 St,7443.01,Grand Army Plaza & Central Park S,6839.10,40.78948541553215,-73.95242929458618,40.7643971,-73.97371465,member
46343DED527E52DC,classic_bike,2021-07-22 05:28:43,2021-07-22 05:33:15,34 Ave & 31 St,6720.07,34 Ave & 38 St,6638.01,40.759604471387945,-73.92714411020279,40.756913,-73.921631,member
71DB356FB273A49B,classic_bike,2021-07-07 19:05:47,2021-07-07 19:14:30,River Ave & E 151 St,7967.04,Courtlandt Ave & E 149 St,7840.05,40.822217,-73.928939,40.816402,-73.919549,member
9046805976442178,classic_bike,2021-07-23 18:20:47,2021-07-23 18:30:46,Allen St & Hester St,5342.10,MacDougal St & Prince St,5687.04,40.71605866,-73.99190759,40.72710258,-74.00297088,member
C859E6DC3211445F,classic_bike,2021-07-31 18:34:22,2021-07-31 19:06:42,E 68 St & Madison Ave,6932.15,1 Ave & E 18 St,5854.09,40.7691572,-73.96703464,40.733812191966315,-73.98054420948029,member
E4ED0881C23B31E5,classic_bike,2021-07-28 17:04:31,2021-07-28 17:10:29,Crescent St & 34 Ave,6759.15,34 Ave & 38 St,6638.01,40.76108,-73.930562,40.756913,-73.921631,member
E4E64CDE8CEAD884,classic_bike,2021-07-07 16:55:16,2021-07-07 17:38:22,Cherry St,5181.04,1 Ave & E 18 St,5854.09,40.71219906,-73.97948148,40.733812191966315,-73.98054420948029,member
CEA414BAB9E75233,classic_bike,2021-07-21 14:57:34,2021-07-21 15:50:10,E 68 St & Madison Ave,6932.15,Grand Army Plaza & Central Park S,6839.10,40.7691572,-73.96703464,40.7643971,-73.97371465,casual
7359A927B389F38B,classic_bike,2021-07-07 05:58:11,2021-07-07 06:00:55,Kane St & Clinton St,4455.11,Clinton St & Joralemon St,4605.04,40.6861758,-73.99645295,40.69239502,-73.99337909,casual
C0DBEFDC6B16100A,classic_bike,2021-07-12 13:16:26,2021-07-12 13:26:22,5 Ave & E 72 St,7100.07,Grand Army Plaza & Central Park S,6839.10,40.77282817,-73.96685276,40.7643971,-73.97371465,casual
5A7A187ED1B228DF,classic_bike,2021-07-12 18:17:34,2021-07-12 18:35:56,Cherry St,5181.04,1 Ave & E 18 St,5854.09,40.71219906,-73.97948148,40.733812191966315,-73.98054420948029,casual
0F8C4D4046DE85B0,classic_bike,2021-07-17 11:55:28,2021-07-17 13:27:13,Kane St & Clinton St,4455.11,Clinton St & Joralemon St,4605.04,40.6861758,-73.99645295,40.69239502,-73.99337909,casual
01D319F5F98CB75B,classic_bike,2021-07-02 05:57:44,2021-07-02 06:01:04,Kane St & Clinton St,4455.11,Clinton St & Joralemon St,4605.04,40.6861758,-73.99645295,40.69239502,-73.99337909,casual
514BC15DCBE04FEE,classic_bike,2021-07-18 16:48:54,2021-07-18 17:36:39,5 Ave & E 72 St,7100.07,W 16 St & The High Line,6233.05,40.77282817,-73.96685276,40.74334935,-74.00681753,casual
9B4C6F1D50B8BEEA,classic_bike,2021-07-24 18:03:33,2021-07-24 18:26:01,5 Ave & E 72 St,7100.07,W 47 St & 6 Ave,6667.04,40.77282817,-73.96685276,40.758397,-73.98255,casual
953AA4F60563C502,classic_bike,2021-07-24 13:39:33,2021-07-24 13:52:04,Butler St & Court St,4339.01,Prospect Pl & 6 Ave,4166.08,40.6849894,-73.99440329,40.6793307,-73.97519523,casual
4C772D9B3C294B72,classic_bike,2021-07-16 20:51:44,2021-07-16 21:00:48,Delancey St & Eldridge St,5414.07,MacDougal St & Prince St,5687.04,40.719383,-73.991479,40.72710258,-74.00297088,casual
728C522836386F8B,classic_bike,2021-07-11 12:01:55,2021-07-11 12:32:14,5 Ave & E 72 St,7100.07,W 47 St & 6 Ave,6667.04,40.77282817,-73.96685276,40.758397,-73.98255,casual
0AF4CBFF4DB25D46,classic_bike,2021-07-11 15:03:05,2021-07-11 16:11:00,5 Ave & E 72 St,7100.07,Grand Army Plaza & Central Park S,6839.10,40.77282817,-73.96685276,40.7643971,-73.97371465,casual
D414712D5EA73990,classic_bike,2021-07-21 08:43:12,2021-07-21 08:46:05,34 Ave & 31 St,6720.07,34 Ave & 38 St,6638.01,40.759604471387945,-73.92714411020279,40.756913,-73.921631,casual
43F2B2F964276A5C,classic_bike,2021-07-22 13:58:29,2021-07-22 15:17:20,5 Ave & E 72 St,7100.07,Grand Army Plaza & Central Park S,6839.10,40.77282817,-73.96685276,40.7643971,-73.97371465,casual
AD70283EB14F7D20,classic_bike,2021-07-06 13:08:57,2021-07-06 13:11:40,34 Ave & 31 St,6720.07,34 Ave & 38 St,6638.01,40.759604471387945,-73.92714411020279,40.756913,-73.921631,casual
0DC7941BF5E26365,classic_bike,2021-07-31 14:37:42,2021-07-31 15:38:03,5 Ave & E 72 St,7100.07,Grand Army Plaza & Central Park S,6839.10,40.77282817,-73.96685276,40.7643971,-73.97371465,casual
C8C5257E6AA3629D,classic_bike,2021-07-24 15:35:47,2021-07-24 17:06:39,E 68 St & Madison Ave,6932.15,Grand Army Plaza & Central Park S,6839.10,40.7691572,-73.96703464,40.7643971,-73.97371465,casual
83B243C0EA1FFE6A,classic_bike,2021-07-07 19:24:30,2021-07-07 19:51:50,5 Ave & E 72 St,7100.07,W 47 St & 6 Ave,6667.04,40.77282817,-73.96685276,40.758397,-73.98255,casual
FDF0B86C72DC4A4A,classic_bike,2021-07-27 11:07:05,2021-07-27 11:17:42,Adam Clayton Powell Blvd & W 138 St,7855.03,5 Ave & W 126 St,7701.21,40.81695971032464,-73.9422959089279,40.80722,-73.9418,casual
FEE56B462C74454F,classic_bike,2021-07-22 16:12:40,2021-07-22 16:37:42,River Ave & E 151 St,7967.04,5 Ave & W 126 St,7701.21,40.822217,-73.928939,40.80722,-73.9418,casual
B2E6DACE43136584,classic_bike,2021-07-06 14:22:58,2021-07-06 14:27:07,Kane St & Clinton St,4455.11,Clinton St & Joralemon St,4605.04,40.6861758,-73.99645295,40.69239502,-73.99337909,casual
40FE2AEB6A2973F6,classic_bike,2021-07-18 19:45:59,2021-07-18 19:51:23,5 Ave & E 72 St,7100.07,Grand Army Plaza & Central Park S,6839.10,40.77282817,-73.96685276,40.7643971,-73.97371465,casual
4C8E336E9EF6BBE9,classic_bike,2021-07-10 01:28:44,2021-07-10 01:34:36,Delancey St & Eldridge St,5414.07,MacDougal St & Prince St,5687.04,40.719383,-73.991479,40.72710258,-74.00297088,casual
F6F547FA0E1EDD3C,classic_bike,2021-07-05 17:37:42,2021-07-05 17:47:12,5 Ave & E 72 St,7100.07,Grand Army Plaza & Central Park S,6839.10,40.77282817,-73.96685276,40.7643971,-73.97371465,casual
2C371AB754FF6CA4,classic_bike,2021-07-31 14:39:06,2021-07-31 15:38:26,5 Ave & E 72 St,7100.07,Grand Army Plaza & Central Park S,6839.10,40.77282817,-73.96685276,40.7643971,-73.97371465,casual
9B1E9B12C7E27832,classic_bike,2021-07-27 20:30:31,2021-07-27 20:39:45,5 Ave & E 72 St,7100.07,Grand Army Plaza & Central Park S,6839.10,40.77282817,-73.96685276,40.7643971,-73.97371465,casual
E1F40CC1A6652354,classic_bike,2021-07-20 08:54:22,2021-07-20 08:56:38,34 Ave & 31 St,6720.07,34 Ave & 38 St,6638.01,40.759604471387945,-73.92714411020279,40.756913,-73.921631,casual
2065420E340C7425,classic_bike,2021-07-15 21:17:49,2021-07-15 22:06:24,5 Ave & E 72 St,7100.07,Grand Army Plaza & Central Park S,6839.10,40.77282817,-73.96685276,40.7643971,-73.97371465,casual
AB77FD4624F72A71,classic_bike,2021-07-14 20:59:32,2021-07-14 21:29:06,Kane St & Clinton St,4455.11,George St & Wilson Ave,4906.07,40.6861758,-73.99645295,40.702997,-73.92997,casual
31E133164D44152E,classic_bike,2021-07-27 08:42:41,2021-07-27 08:45:04,34 Ave & 31 St,6720.07,34 Ave & 38 St,6638.01,40.759604471387945,-73.92714411020279,40.756913,-73.921631,casual
0A2FE9313C18BDC4,classic_bike,2021-07-25 08:50:57,2021-07-25 08:53:28,34 Ave & 31 St,6720.07,34 Ave & 38 St,6638.01,40.759604471387945,-73.92714411020279,40.756913,-73.921631,casual
15B6B86E2C438205,classic_bike,2021-07-01 20:52:17,2021-07-01 21:21:48,River Ave & E 151 St,7967.04,Grand Army Plaza & Central Park S,6839.10,40.822217,-73.928939,40.7643971,-73.97371465,casual
60BBB1CF938B3DFC,classic_bike,2021-07-02 17:33:46,2021-07-02 17:43:54,Delancey St & Eldridge St,5414.07,1 Ave & E 18 St,5854.09,40.719383,-73.991479,40.733812191966315,-73.98054420948029,casual
A5C4D8FD373B74DD,classic_bike,2021-07-22 18:05:47,2021-07-22 18:12:22,Crescent St & 34 Ave,6759.15,34 Ave & 38 St,6638.01,40.76108,-73.930562,40.756913,-73.921631,casual
22699BB9E0345A84,classic_bike,2021-07-04 13:31:45,2021-07-04 14:10:31,Butler St & Court St,4339.01,Pioneer St & Van Brunt St,4169.04,40.6849894,-73.99440329,40.679043,-74.011169,casual
6F1E01C3DF32F499,classic_bike,2021-07-10 19:39:15,2021-07-10 20:04:14,5 Ave & E 72 St,7100.07,W 47 St & 6 Ave,6667.04,40.77282817,-73.96685276,40.758397,-73.98255,casual
D64130EB10CF3117,classic_bike,2021-07-24 14:35:49,2021-07-24 14:59:24,E 91 St & Park Ave,7344.05,Grand Army Plaza & Central Park S,6839.10,40.7835016,-73.955327,40.7643971,-73.97371465,casual
6D99223342FC8B61,classic_bike,2021-07-31 17:17:37,2021-07-31 17:40:55,5 Ave & E 72 St,7100.07,W 47 St & 6 Ave,6667.04,40.77282817,-73.96685276,40.758397,-73.98255,casual
F88CBE1B126A9328,classic_bike,2021-07-04 17:42:23,2021-07-04 17:51:34,Butler St & Court St,4339.01,Prospect Pl & 6 Ave,4166.08,40.6849894,-73.99440329,40.6793307,-73.97519523,casual
3D9CEA4B7AF79716,classic_bike,2021-07-22 16:11:10,2021-07-22 16:36:43,Bayard St & Leonard St,5442.05,Clinton St & Joralemon St,4605.04,40.71915571696044,-73.94885390996933,40.69239502,-73.99337909,casual
45EC6D858A2711DF,classic_bike,2021-07-27 07:18:30,2021-07-27 07:22:29,34 Ave & 31 St,6720.07,34 Ave & 38 St,6638.01,40.759604471387945,-73.92714411020279,40.756913,-73.921631,casual
F4D8CC8A3F254CFE,classic_bike,2021-07-21 16:17:06,2021-07-21 16:29:16,Allen St & Hester St,5342.10,1 Ave & E 18 St,5854.09,40.71605866,-73.99190759,40.733812191966315,-73.98054420948029,casual
F987918E683276CC,classic_bike,2021-07-01 05:53:10,2021-07-01 06:00:23,Kane St & Clinton St,4455.11,Clinton St & Joralemon St,4605.04,40.6861758,-73.99645295,40.69239502,-73.99337909,casual
5FF24A338BA4C8F5,classic_bike,2021-07-12 05:58:31,2021-07-12 06:02:16,Kane St & Clinton St,4455.11,Clinton St & Joralemon St,4605.04,40.6861758,-73.99645295,40.69239502,-73.99337909,casual
AE5C8EE3CA785456,classic_bike,2021-07-21 12:16:08,2021-07-21 12:37:01,Allen St & Hester St,5342.10,Prospect Pl & 6 Ave,4166.08,40.71605866,-73.99190759,40.6793307,-73.97519523,member
656F2B36D1008F1B,classic_bike,2021-07-19 13:10:40,2021-07-19 13:22:55,Allen St & Hester St,5342.10,E 11 St & Avenue B,5659.11,40.71605866,-73.99190759,40.72746420692392,-73.97950418293476,member
4ADFCC1F8676327B,classic_bike,2021-07-22 13:17:11,2021-07-22 13:28:38,Allen St & Hester St,5342.10,E 11 St & Avenue B,5659.11,40.71605866,-73.99190759,40.72746420692392,-73.97950418293476,member
E4513D739253EE34,classic_bike,2021-07-29 06:52:09,2021-07-29 07:26:21,S 4 St & Wythe Ave,5204.05,W 47 St & 6 Ave,6667.04,40.71285887,-73.96590294,40.758397,-73.98255,member
95B24D3F8329ED92,classic_bike,2021-07-26 06:57:58,2021-07-26 07:28:26,S 4 St & Wythe Ave,5204.05,W 47 St & 6 Ave,6667.04,40.71285887,-73.96590294,40.758397,-73.98255,member
C8F560800DE86DA6,classic_bike,2021-07-05 02:00:50,2021-07-05 02:10:37,S 4 St & Wythe Ave,5204.05,Nassau Ave & Russell St,5581.01,40.71285887,-73.96590294,40.72557,-73.94434,member
7EA693044EF947E2,classic_bike,2021-07-20 17:51:01,2021-07-20 18:00:13,8 Ave & W 16 St,6072.11,1 Ave & E 18 St,5854.09,40.740983,-74.001702,40.733812191966315,-73.98054420948029,member
95B669B557AD6A9A,classic_bike,2021-07-21 09:16:42,2021-07-21 09:57:22,Broadway & W 133 St,7903.02,W 16 St & The High Line,6233.05,40.8190344,-73.956156,40.74334935,-74.00681753,member
1AD2217A2024C5FB,classic_bike,2021-07-28 09:13:02,2021-07-28 09:49:45,Broadway & W 133 St,7903.02,W 16 St & The High Line,6233.05,40.8190344,-73.956156,40.74334935,-74.00681753,member
4E32CE084D7155B8,classic_bike,2021-07-08 22:28:27,2021-07-08 22:37:33,S 4 St & Wythe Ave,5204.05,Nassau Ave & Russell St,5581.01,40.71285887,-73.96590294,40.72557,-73.94434,member
F91D2343316DEF9E,classic_bike,2021-07-11 11:38:23,2021-07-11 12:12:34,S 4 St & Wythe Ave,5204.05,Pioneer St & Van Brunt St,4169.04,40.71285887,-73.96590294,40.679043,-74.011169,member
1D2A06E93512E151,classic_bike,2021-07-17 22:16:11,2021-07-17 22:38:39,S 4 St & Wythe Ave,5204.05,Prospect Pl & 6 Ave,4166.08,40.71285887,-73.96590294,40.6793307,-73.97519523,member
8974C1FCF70FE35B,classic_bike,2021-07-12 15:29:15,2021-07-12 15:44:41,Columbia St & Degraw St,4422.04,Prospect Pl & 6 Ave,4166.08,40.6859296,-74.00242364,40.6793307,-73.97519523,member
982A81DB495038D0,classic_bike,2021-07-22 16:50:44,2021-07-22 16:55:14,Steinway St & 28 Ave,6915.02,34 Ave & 38 St,6638.01,40.7656251,-73.9136695,40.756913,-73.921631,member
D01E10DD8FFAC78C,classic_bike,2021-07-18 09:15:17,2021-07-18 09:26:26,Columbia St & Degraw St,4422.04,Baltic St & 5 Ave,4208.11,40.6859296,-74.00242364,40.6795766,-73.97854971,member
4D73FA16B50CDA2A,classic_bike,2021-07-22 19:08:50,2021-07-22 19:11:17,8 Ave & W 16 St,6072.11,W 16 St & The High Line,6233.05,40.740983,-74.001702,40.74334935,-74.00681753,member
809BDB35BB4BDE96,classic_bike,2021-07-02 08:11:56,2021-07-02 08:14:59,8 Ave & W 16 St,6072.11,W 16 St & The High Line,6233.05,40.740983,-74.001702,40.74334935,-74.00681753,member
7F3D7B4402F21141,classic_bike,2021-07-15 09:03:32,2021-07-15 09:06:42,8 Ave & W 16 St,6072.11,W 16 St & The High Line,6233.05,40.740983,-74.001702,40.74334935,-74.00681753,member
005690C1701393AF,classic_bike,2021-07-03 20:41:18,2021-07-03 20:49:43,S 4 St & Wythe Ave,5204.05,Nassau Ave & Russell St,5581.01,40.71285887,-73.96590294,40.72557,-73.94434,member
AD236B4F2A4D0F8E,classic_bike,2021-07-31 01:21:04,2021-07-31 01:47:00,S 4 St & Wythe Ave,5204.05,1 Ave & E 18 St,5854.09,40.71285887,-73.96590294,40.733812191966315,-73.98054420948029,member
DE09C6FDEDDB31C9,classic_bike,2021-07-19 12:19:45,2021-07-19 12:32:42,S 4 St & Wythe Ave,5204.05,MacDougal St & Prince St,5687.04,40.71285887,-73.96590294,40.72710258,-74.00297088,member
9BDB698AA2A03DD6,classic_bike,2021-07-21 12:38:01,2021-07-21 12:42:09,Columbia St & Degraw St,4422.04,Pioneer St & Van Brunt St,4169.04,40.6859296,-74.00242364,40.679043,-74.011169,member
89180216FE8A6ECE,classic_bike,2021-07-28 16:41:16,2021-07-28 16:54:01,Franklin St & W Broadway,5430.08,W 16 St & The High Line,6233.05,40.71911552,-74.00666661,40.74334935,-74.00681753,member
F3F000F5663BA1FE,classic_bike,2021-07-08 12:49:52,2021-07-08 12:55:17,8 Ave & W 16 St,6072.11,W 16 St & The High Line,6233.05,40.740983,-74.001702,40.74334935,-74.00681753,member
D84ABC2B3CD67A18,classic_bike,2021-07-18 19:23:20,2021-07-18 19:32:48,8 Ave & W 16 St,6072.11,1 Ave & E 18 St,5854.09,40.740983,-74.001702,40.733812191966315,-73.98054420948029,member
B70E73B05DFAFE7B,classic_bike,2021-07-16 18:18:00,2021-07-16 18:45:12,S 4 St & Wythe Ave,5204.05,Pioneer St & Van Brunt St,4169.04,40.71285887,-73.96590294,40.679043,-74.011169,member
0D944FFCBCDF2FC0,classic_bike,2021-07-14 07:13:11,2021-07-14 07:20:11,Steinway St & 28 Ave,6915.02,34 Ave & 38 St,6638.01,40.7656251,-73.9136695,40.756913,-73.921631,member
E1749CAE0E809508,classic_bike,2021-07-26 07:07:56,2021-07-26 07:14:41,Steinway St & 28 Ave,6915.02,34 Ave & 38 St,6638.01,40.7656251,-73.9136695,40.756913,-73.921631,member
5F8DA680A44DD5D3,classic_bike,2021-07-16 13:57:27,2021-07-16 14:05:07,Columbia St & Degraw St,4422.04,Clinton St & Joralemon St,4605.04,40.6859296,-74.00242364,40.69239502,-73.99337909,member
44EC260ADE1DEC1F,classic_bike,2021-07-30 17:19:30,2021-07-30 17:29:49,Sands St Gate,4812.04,Clinton St & Joralemon St,4605.04,40.699569,-73.979827,40.69239502,-73.99337909,member
2AE70E3802FEA323,classic_bike,2021-07-20 13:22:15,2021-07-20 13:35:23,Sands St Gate,4812.04,Clinton St & Joralemon St,4605.04,40.699569,-73.979827,40.69239502,-73.99337909,member
A5FD3447708D3667,classic_bike,2021-07-28 18:21:27,2021-07-28 18:34:04,Sands St Gate,4812.04,Clinton St & Joralemon St,4605.04,40.699569,-73.979827,40.69239502,-73.99337909,member
BA9D3D53BB1CC5B4,docked_bike,2021-07-15 09:28:18,2021-07-15 09:59:08,Broadway & W 133 St,7903.02,Grand Army Plaza & Central Park S,6839.10,40.819034,-73.956156,40.764397,-73.973715,casual
070C06A386ABA8AF,classic_bike,2021-07-30 08:21:57,2021-07-30 08:28:53,Steinway St & 28 Ave,6915.02,34 Ave & 38 St,6638.01,40.7656251,-73.9136695,40.756913,-73.921631,member
94A493868FAB0F2E,classic_bike,2021-07-14 08:29:03,2021-07-14 08:35:00,Steinway St & 28 Ave,6915.02,34 Ave & 38 St,6638.01,40.7656251,-73.9136695,40.756913,-73.921631,member
01663E8B7099FD83,classic_bike,2021-07-06 16:58:26,2021-07-06 17:06:05,Columbia Heights & Cranberry St,4829.01,Clinton St & Joralemon St,4605.04,40.70037867,-73.99548059,40.69239502,-73.99337909,member
6544A122397F4AEE,classic_bike,2021-07-19 08:15:51,2021-07-19 08:22:08,Steinway St & 28 Ave,6915.02,34 Ave & 38 St,6638.01,40.7656251,-73.9136695,40.756913,-73.921631,member
6B9FB2220CFF46F4,classic_bike,2021-07-22 08:03:33,2021-07-22 08:08:06,Steinway St & 28 Ave,6915.02,34 Ave & 38 St,6638.01,40.7656251,-73.9136695,40.756913,-73.921631,member
CDD282E9E85C260D,classic_bike,2021-07-26 07:53:47,2021-07-26 08:01:07,Steinway St & 28 Ave,6915.02,34 Ave & 38 St,6638.01,40.7656251,-73.9136695,40.756913,-73.921631,member
6B5F54BFDAB8ADDF,classic_bike,2021-07-21 23:24:17,2021-07-21 23:43:27,S 4 St & Wythe Ave,5204.05,George St & Wilson Ave,4906.07,40.71285887,-73.96590294,40.702997,-73.92997,member
8EB2DD36413CADC8,classic_bike,2021-07-09 15:59:43,2021-07-09 16:28:43,Columbia Heights & Cranberry St,4829.01,1 Ave & E 18 St,5854.09,40.70037867,-73.99548059,40.733812191966315,-73.98054420948029,member
02F413BE62665332,classic_bike,2021-07-27 10:42:41,2021-07-27 10:47:14,Brook Ave & E 148 St,7816.14,Courtlandt Ave & E 149 St,7840.05,40.814383,-73.915368,40.816402,-73.919549,member
FF5EDD9C24D2CEF1,classic_bike,2021-07-24 09:55:38,2021-07-24 10:08:43,S 4 St & Wythe Ave,5204.05,Nassau Ave & Russell St,5581.01,40.71285887,-73.96590294,40.72557,-73.94434,member
C34F0ACFB2E5D2AD,classic_bike,2021-07-31 12:03:55,2021-07-31 12:26:59,Columbia Heights & Cranberry St,4829.01,Pioneer St & Van Brunt St,4169.04,40.70037867,-73.99548059,40.679043,-74.011169,member
EFB21639FA57CF78,classic_bike,2021-07-21 18:40:20,2021-07-21 18:52:44,Columbia Heights & Cranberry St,4829.01,Clinton St & Joralemon St,4605.04,40.70037867,-73.99548059,40.69239502,-73.99337909,member
CC15D4E307A57BC1,classic_bike,2021-07-04 16:41:52,2021-07-04 16:45:08,8 Ave & W 16 St,6072.11,W 16 St & The High Line,6233.05,40.740983,-74.001702,40.74334935,-74.00681753,member
6A812E58540CC560,classic_bike,2021-07-12 17:19:41,2021-07-12 17:22:18,8 Ave & W 16 St,6072.11,W 16 St & The High Line,6233.05,40.740983,-74.001702,40.74334935,-74.00681753,member
00268CF7C5B47DE2,classic_bike,2021-07-30 18:00:34,2021-07-30 18:06:46,Bond St & Fulton St,4479.06,Clinton St & Joralemon St,4605.04,40.68962188790333,-73.98304268717766,40.69239502,-73.99337909,member
41C9F2459AAC6BF1,classic_bike,2021-07-18 15:19:29,2021-07-18 15:41:44,58 St & 32 Ave,6579.03,Nassau Ave & Russell St,5581.01,40.75574,-73.903427,40.72557,-73.94434,member
2E58D3B76316709B,classic_bike,2021-07-09 18:40:40,2021-07-09 18:45:23,E 7 St & Avenue A,5626.07,1 Ave & E 18 St,5854.09,40.72621788,-73.98379855,40.733812191966315,-73.98054420948029,member
96FAC784F252CC9A,classic_bike,2021-07-12 13:31:58,2021-07-12 13:35:41,E 7 St & Avenue A,5626.07,1 Ave & E 18 St,5854.09,40.72621788,-73.98379855,40.733812191966315,-73.98054420948029,member
E4A91195F594DEF7,classic_bike,2021-07-18 15:50:44,2021-07-18 15:53:12,E 7 St & Avenue A,5626.07,E 11 St & Avenue B,5659.11,40.72621788,-73.98379855,40.72746420692392,-73.97950418293476,member
69DFB471EB642631,classic_bike,2021-07-05 15:42:31,2021-07-05 15:46:53,Carroll St & 5 Ave,4060.09,Prospect Pl & 6 Ave,4166.08,40.6751622,-73.9814832,40.6793307,-73.97519523,member
C15C350416809B03,classic_bike,2021-07-25 23:54:33,2021-07-25 23:59:32,E 7 St & Avenue A,5626.07,1 Ave & E 18 St,5854.09,40.72621788,-73.98379855,40.733812191966315,-73.98054420948029,member
F3E078D742B3E63A,classic_bike,2021-07-31 12:50:57,2021-07-31 12:59:46,E 7 St & Avenue A,5626.07,MacDougal St & Prince St,5687.04,40.72621788,-73.98379855,40.72710258,-74.00297088,member
8AB7524BE44D5994,classic_bike,2021-07-13 15:47:22,2021-07-13 16:01:29,E 7 St & Avenue A,5626.07,MacDougal St & Prince St,5687.04,40.72621788,-73.98379855,40.72710258,-74.00297088,member
C60F0AB793A5DDD3,classic_bike,2021-07-28 12:39:11,2021-07-28 12:43:16,E 7 St & Avenue A,5626.07,1 Ave & E 18 St,5854.09,40.72621788,-73.98379855,40.733812191966315,-73.98054420948029,member
42D986E1788013A7,classic_bike,2021-07-31 17:57:25,2021-07-31 18:03:44,Lenox Ave & W 115 St,7627.10,5 Ave & W 126 St,7701.21,40.8011939,-73.9500739,40.80722,-73.9418,member
B02041D59A5F45D5,classic_bike,2021-07-07 12:37:44,2021-07-07 12:45:00,E 7 St & Avenue A,5626.07,1 Ave & E 18 St,5854.09,40.72621788,-73.98379855,40.733812191966315,-73.98054420948029,member
0EF8957E5B6D56E6,classic_bike,2021-07-19 18:23:56,2021-07-19 18:26:53,E 7 St & Avenue A,5626.07,E 11 St & Avenue B,5659.11,40.72621788,-73.98379855,40.72746420692392,-73.97950418293476,member
EDAFA5E5F67BB603,classic_bike,2021-07-31 11:47:13,2021-07-31 12:09:11,W 84 St & Broadway,7409.08,Grand Army Plaza & Central Park S,6839.10,40.7867947,-73.977112,40.7643971,-73.97371465,member
CD24DB74C488A033,classic_bike,2021-07-29 07:42:31,2021-07-29 07:57:22,W 84 St & Broadway,7409.08,Grand Army Plaza & Central Park S,6839.10,40.7867947,-73.977112,40.7643971,-73.97371465,member
3BD68C7573EDEDB9,classic_bike,2021-07-07 08:19:42,2021-07-07 08:35:06,E 7 St & Avenue A,5626.07,MacDougal St & Prince St,5687.04,40.72621788,-73.98379855,40.72710258,-74.00297088,member
4D2B932CC3815515,classic_bike,2021-07-13 15:21:03,2021-07-13 15:25:38,E 7 St & Avenue A,5626.07,1 Ave & E 18 St,5854.09,40.72621788,-73.98379855,40.733812191966315,-73.98054420948029,member
15789B843BA71687,classic_bike,2021-07-01 20:04:03,2021-07-01 20:12:48,Perry St & Bleecker St,5922.07,1 Ave & E 18 St,5854.09,40.73535398,-74.00483091,40.733812191966315,-73.98054420948029,member
DDBDC356CE6C31F6,classic_bike,2021-07-21 07:51:47,2021-07-21 08:15:56,Kingston Ave & Herkimer St,4205.06,E 11 St & Avenue B,5659.11,40.67890679,-73.94142771,40.72746420692392,-73.97950418293476,member
D846A7E78F7F8807,classic_bike,2021-07-16 22:02:46,2021-07-16 22:14:52,Commerce St & Van Brunt St,4243.01,Clinton St & Joralemon St,4605.04,40.6812117,-74.00860912,40.69239502,-73.99337909,member
6B6E4EE50B458112,classic_bike,2021-07-13 13:27:10,2021-07-13 13:44:19,W 100 St & Manhattan Ave,7538.14,W 47 St & 6 Ave,6667.04,40.795,-73.9645,40.758397,-73.98255,member
01D143A80D743DF6,classic_bike,2021-07-30 11:35:56,2021-07-30 11:50:40,W 84 St & Broadway,7409.08,Grand Army Plaza & Central Park S,6839.10,40.7867947,-73.977112,40.7643971,-73.97371465,member
90ED7E2FFF253993,classic_bike,2021-07-16 13:20:47,2021-07-16 14:01:36,E 7 St & Avenue A,5626.07,MacDougal St & Prince St,5687.04,40.72621788,-73.98379855,40.72710258,-74.00297088,member
FC72EA7DAB7AE10F,docked_bike,2021-07-18 13:00:36,2021-07-18 13:21:20,W 84 St & Broadway,7409.08,Grand Army Plaza & Central Park S,6839.10,40.786795,-73.977112,40.764397,-73.973715,casual
CF7B21231E6A1956,classic_bike,2021-07-18 11:58:15,2021-07-18 12:09:06,Broadway & 51 St,6545.07,34 Ave & 38 St,6638.01,40.754164,-73.908906,40.756913,-73.921631,member
049AD430AD90D496,classic_bike,2021-07-06 11:39:15,2021-07-06 11:41:29,E 7 St & Avenue A,5626.07,E 11 St & Avenue B,5659.11,40.72621788,-73.98379855,40.72746420692392,-73.97950418293476,member
63CFDBF0B6B0BEF1,classic_bike,2021-07-21 14:33:26,2021-07-21 14:44:12,Carroll St & 5 Ave,4060.09,Clinton St & Joralemon St,4605.04,40.6751622,-73.9814832,40.69239502,-73.99337909,member
FECE8550FE7F50B3,classic_bike,2021-07-20 09:55:50,2021-07-20 10:14:09,W 100 St & Manhattan Ave,7538.14,5 Ave & W 126 St,7701.21,40.795,-73.9645,40.80722,-73.9418,member
33F450EA103F30DE,classic_bike,2021-07-04 12:59:52,2021-07-04 13:25:52,W 84 St & Broadway,7409.08,5 Ave & W 126 St,7701.21,40.7867947,-73.977112,40.80722,-73.9418,member
83F8CC8468FB64EA,classic_bike,2021-07-02 20:13:46,2021-07-02 20:25:38,Bond St & Fulton St,4479.06,Prospect Pl & 6 Ave,4166.08,40.68962188790333,-73.98304268717766,40.6793307,-73.97519523,member
8931DCAC554E14D5,classic_bike,2021-07-11 17:17:33,2021-07-11 17:37:58,W 100 St & Manhattan Ave,7538.14,Grand Army Plaza & Central Park S,6839.10,40.795,-73.9645,40.7643971,-73.97371465,member
B585A68D778AE1AB,classic_bike,2021-07-15 12:12:37,2021-07-15 12:25:59,W 84 St & Broadway,7409.08,Grand Army Plaza & Central Park S,6839.10,40.7867947,-73.977112,40.7643971,-73.97371465,member
A15007451A9BA767,classic_bike,2021-07-13 19:11:30,2021-07-13 19:20:03,Bond St & Fulton St,4479.06,Baltic St & 5 Ave,4208.11,40.68962188790333,-73.98304268717766,40.6795766,-73.97854971,casual
E67EEC334D4B8C20,classic_bike,2021-07-14 09:40:10,2021-07-14 09:56:27,Lenox Ave & W 115 St,7627.10,Grand Army Plaza & Central Park S,6839.10,40.8011939,-73.9500739,40.7643971,-73.97371465,member
601D047359F5A8F1,classic_bike,2021-07-31 17:19:20,2021-07-31 17:30:11,W 84 St & Broadway,7409.08,Grand Army Plaza & Central Park S,6839.10,40.7867947,-73.977112,40.7643971,-73.97371465,member
AD0F0823F0C479C8,classic_bike,2021-07-20 08:14:45,2021-07-20 08:17:15,E 7 St & Avenue A,5626.07,E 11 St & Avenue B,5659.11,40.72621788,-73.98379855,40.72746420692392,-73.97950418293476,member
EC22480632C20FE9,classic_bike,2021-07-06 09:59:54,2021-07-06 10:02:16,E 7 St & Avenue A,5626.07,E 11 St & Avenue B,5659.11,40.72621788,-73.98379855,40.72746420692392,-73.97950418293476,member
97F9894993BBD20D,classic_bike,2021-07-01 12:02:00,2021-07-01 12:04:19,E 7 St & Avenue A,5626.07,E 11 St & Avenue B,5659.11,40.72621788,-73.98379855,40.72746420692392,-73.97950418293476,member
C4C90B11A0EAB256,classic_bike,2021-07-05 16:11:52,2021-07-05 16:19:26,E 7 St & Avenue A,5626.07,1 Ave & E 18 St,5854.09,40.72621788,-73.98379855,40.733812191966315,-73.98054420948029,member
2631D6C1631511B3,classic_bike,2021-07-22 09:16:09,2021-07-22 09:27:33,5 Ave & E 93 St,7372.10,Grand Army Plaza & Central Park S,6839.10,40.7857851,-73.957481,40.7643971,-73.97371465,member
F7DCF7DD7D14F522,classic_bike,2021-07-06 14:20:25,2021-07-06 15:01:01,5 Ave & E 93 St,7372.10,Grand Army Plaza & Central Park S,6839.10,40.7857851,-73.957481,40.7643971,-73.97371465,casual
AC5FCA0DA989438F,classic_bike,2021-07-14 18:35:13,2021-07-14 18:48:10,5 Ave & E 93 St,7372.10,Grand Army Plaza & Central Park S,6839.10,40.7857851,-73.957481,40.7643971,-73.97371465,casual
49EAD34B13A2A3CA,classic_bike,2021-07-22 08:50:24,2021-07-22 08:55:25,34 St & 38 Ave,6453.02,34 Ave & 38 St,6638.01,40.752443,-73.929737,40.756913,-73.921631,member
BF4C2CDAE38DEB9A,classic_bike,2021-07-14 07:02:24,2021-07-14 07:15:47,5 Ave & E 93 St,7372.10,Grand Army Plaza & Central Park S,6839.10,40.7857851,-73.957481,40.7643971,-73.97371465,member
9EB53702D97C24BE,classic_bike,2021-07-04 18:35:32,2021-07-04 18:49:24,5 Ave & E 93 St,7372.10,Grand Army Plaza & Central Park S,6839.10,40.7857851,-73.957481,40.7643971,-73.97371465,member
FED8FC28C9540251,classic_bike,2021-07-16 14:58:55,2021-07-16 15:35:23,5 Ave & E 93 St,7372.10,Grand Army Plaza & Central Park S,6839.10,40.7857851,-73.957481,40.7643971,-73.97371465,casual
